step,type,amount,nameOrig,oldbalanceOrg,newbalanceOrig,nameDest,oldbalanceDest,newbalanceDest,isFraud,isFlaggedFraud
1,TRANSFER,17298.37,G0_U0,7875.68,-9422.69,G0_U1,0.0,0.0,1,0
2,TRANSFER,17431.72,G0_U1,7819.28,-9612.44,G0_U2,0.0,0.0,1,0
3,TRANSFER,17069.17,G0_U2,5820.0,-11249.17,G0_U3,0.0,0.0,1,0
4,TRANSFER,14380.49,G0_U3,8038.64,-6341.85,G0_U4,0.0,0.0,1,0
5,TRANSFER,14576.45,G0_U4,12000.0,-2576.45,G0_U0,0.0,0.0,1,0
6,TRANSFER,19567.13,G1_U0,5590.69,-13976.44,G1_U1,0.0,0.0,1,0
7,TRANSFER,12741.14,G1_U1,6817.15,-5923.99,G1_U2,0.0,0.0,1,0
8,TRANSFER,17415.39,G1_U2,5423.23,-11992.16,G1_U3,0.0,0.0,1,0
9,TRANSFER,18794.2,G1_U3,8247.31,-10546.89,G1_U4,0.0,0.0,1,0
10,TRANSFER,16452.75,G1_U4,12000.0,-4452.75,G1_U0,0.0,0.0,1,0
11,TRANSFER,15830.97,G2_U0,10612.98,-5217.99,G2_U1,0.0,0.0,1,0
12,TRANSFER,16350.18,G2_U1,9030.71,-7319.47,G2_U2,0.0,0.0,1,0
13,TRANSFER,13506.05,G2_U2,5021.16,-8484.89,G2_U3,0.0,0.0,1,0
14,TRANSFER,10779.59,G2_U3,12169.89,1390.3,G2_U4,0.0,0.0,1,0
15,TRANSFER,17608.88,G2_U4,12000.0,-5608.88,G2_U0,0.0,0.0,1,0
16,TRANSFER,9108.61,G3_U0,6426.21,-2682.4,G3_U1,0.0,0.0,1,0
17,TRANSFER,9405.04,G3_U1,6778.96,-2626.08,G3_U2,0.0,0.0,1,0
18,TRANSFER,9277.37,G3_U2,13189.55,3912.18,G3_U3,0.0,0.0,1,0
19,TRANSFER,15235.69,G3_U3,5640.92,-9594.77,G3_U4,0.0,0.0,1,0
20,TRANSFER,14168.67,G3_U4,12000.0,-2168.67,G3_U0,0.0,0.0,1,0
21,TRANSFER,17954.68,G4_U0,8367.35,-9587.33,G4_U1,0.0,0.0,1,0
22,TRANSFER,19601.08,G4_U1,14038.87,-5562.21,G4_U2,0.0,0.0,1,0
23,TRANSFER,11224.13,G4_U2,11366.27,142.14,G4_U3,0.0,0.0,1,0
24,TRANSFER,17412.72,G4_U3,13910.51,-3502.21,G4_U4,0.0,0.0,1,0
25,TRANSFER,24070.65,G4_U4,12000.0,-12070.65,G4_U0,0.0,0.0,1,0
26,PAYMENT,1624.83,C1000,4128.36,2503.53,M1001,0.0,0.0,0,0
27,PAYMENT,2539.54,C1001,6657.16,4117.62,M1002,0.0,0.0,0,0
28,PAYMENT,616.32,C1002,9855.01,9238.69,M1003,0.0,0.0,0,0
29,PAYMENT,2331.87,C1003,8594.8,6262.93,M1004,0.0,0.0,0,0
30,PAYMENT,4025.62,C1004,3415.24,-610.38,M1005,0.0,0.0,0,0
31,PAYMENT,2414.83,C1005,6416.42,4001.59,M1006,0.0,0.0,0,0
32,PAYMENT,2127.87,C1006,1378.44,-749.43,M1007,0.0,0.0,0,0
33,PAYMENT,4228.47,C1007,3753.46,-475.01,M1008,0.0,0.0,0,0
34,PAYMENT,1317.09,C1008,5397.63,4080.54,M1009,0.0,0.0,0,0
35,PAYMENT,1657.23,C1009,5099.96,3442.73,M1010,0.0,0.0,0,0
36,PAYMENT,4318.39,C1010,5501.16,1182.77,M1011,0.0,0.0,0,0
37,PAYMENT,2748.56,C1011,5693.62,2945.06,M1012,0.0,0.0,0,0
38,PAYMENT,4977.93,C1012,4446.33,-531.6,M1013,0.0,0.0,0,0
39,PAYMENT,745.75,C1013,7042.76,6297.01,M1014,0.0,0.0,0,0
40,PAYMENT,4094.44,C1014,8135.6,4041.16,M1015,0.0,0.0,0,0
41,PAYMENT,351.82,C1015,5862.99,5511.17,M1016,0.0,0.0,0,0
42,PAYMENT,4200.0,C1016,7573.83,3373.83,M1017,0.0,0.0,0,0
43,PAYMENT,1816.06,C1017,8941.08,7125.02,M1018,0.0,0.0,0,0
44,PAYMENT,4143.34,C1018,7739.9,3596.56,M1019,0.0,0.0,0,0
45,PAYMENT,1584.29,C1019,3630.62,2046.33,M1020,0.0,0.0,0,0
46,PAYMENT,2186.21,C1020,1715.72,-470.49,M1021,0.0,0.0,0,0
47,PAYMENT,610.81,C1021,2351.41,1740.6,M1022,0.0,0.0,0,0
48,PAYMENT,2625.06,C1022,2145.01,-480.05,M1023,0.0,0.0,0,0
49,PAYMENT,4290.6,C1023,9764.44,5473.84,M1024,0.0,0.0,0,0
50,PAYMENT,1055.2,C1024,5427.67,4372.47,M1025,0.0,0.0,0,0
51,PAYMENT,2166.68,C1025,1909.47,-257.21,M1026,0.0,0.0,0,0
52,PAYMENT,3467.71,C1026,9835.9,6368.19,M1027,0.0,0.0,0,0
53,PAYMENT,774.06,C1027,6727.83,5953.77,M1028,0.0,0.0,0,0
54,PAYMENT,2388.45,C1028,5038.94,2650.49,M1029,0.0,0.0,0,0
55,PAYMENT,1906.47,C1029,2543.75,637.28,M1030,0.0,0.0,0,0
56,PAYMENT,4413.82,C1030,4000.36,-413.46,M1031,0.0,0.0,0,0
57,PAYMENT,3526.77,C1031,1716.29,-1810.48,M1032,0.0,0.0,0,0
58,PAYMENT,1425.61,C1032,1911.28,485.67,M1033,0.0,0.0,0,0
59,PAYMENT,1596.91,C1033,8600.01,7003.1,M1034,0.0,0.0,0,0
60,PAYMENT,3773.67,C1034,9893.19,6119.52,M1035,0.0,0.0,0,0
61,PAYMENT,2153.29,C1035,4288.8,2135.51,M1036,0.0,0.0,0,0
62,PAYMENT,323.43,C1036,9326.16,9002.73,M1037,0.0,0.0,0,0
63,PAYMENT,4271.65,C1037,8769.6,4497.95,M1038,0.0,0.0,0,0
64,PAYMENT,2600.72,C1038,5951.65,3350.93,M1039,0.0,0.0,0,0
65,PAYMENT,1919.44,C1039,9039.41,7119.97,M1040,0.0,0.0,0,0
66,PAYMENT,3431.78,C1040,8399.01,4967.23,M1041,0.0,0.0,0,0
67,PAYMENT,239.58,C1041,6988.6,6749.02,M1042,0.0,0.0,0,0
68,PAYMENT,3933.75,C1042,5472.26,1538.51,M1043,0.0,0.0,0,0
69,PAYMENT,2430.91,C1043,5484.89,3053.98,M1044,0.0,0.0,0,0
70,PAYMENT,2372.26,C1044,1102.57,-1269.69,M1045,0.0,0.0,0,0
71,PAYMENT,113.81,C1045,5788.42,5674.61,M1046,0.0,0.0,0,0
72,PAYMENT,3442.09,C1046,1950.2,-1491.89,M1047,0.0,0.0,0,0
73,PAYMENT,3481.36,C1047,4487.48,1006.12,M1048,0.0,0.0,0,0
74,PAYMENT,1843.47,C1048,2429.86,586.39,M1049,0.0,0.0,0,0
75,PAYMENT,2708.49,C1049,2123.65,-584.84,M1050,0.0,0.0,0,0
76,PAYMENT,819.72,C1050,6707.24,5887.52,M1051,0.0,0.0,0,0
77,PAYMENT,1670.65,C1051,7167.28,5496.63,M1052,0.0,0.0,0,0
78,PAYMENT,200.05,C1052,5878.99,5678.94,M1053,0.0,0.0,0,0
79,PAYMENT,987.69,C1053,1060.13,72.44,M1054,0.0,0.0,0,0
80,PAYMENT,1415.08,C1054,2846.24,1431.16,M1055,0.0,0.0,0,0
81,PAYMENT,3840.17,C1055,2997.73,-842.44,M1056,0.0,0.0,0,0
82,PAYMENT,2290.1,C1056,9988.34,7698.24,M1057,0.0,0.0,0,0
83,PAYMENT,1823.63,C1057,3561.38,1737.75,M1058,0.0,0.0,0,0
84,PAYMENT,826.35,C1058,4116.82,3290.47,M1059,0.0,0.0,0,0
85,PAYMENT,3588.19,C1059,5389.38,1801.19,M1060,0.0,0.0,0,0
86,PAYMENT,807.21,C1060,9205.23,8398.02,M1061,0.0,0.0,0,0
87,PAYMENT,3990.84,C1061,2368.8,-1622.04,M1062,0.0,0.0,0,0
88,PAYMENT,4819.73,C1062,6269.85,1450.12,M1063,0.0,0.0,0,0
89,PAYMENT,585.0,C1063,7332.44,6747.44,M1064,0.0,0.0,0,0
90,PAYMENT,3946.87,C1064,7053.0,3106.13,M1065,0.0,0.0,0,0
91,PAYMENT,2260.59,C1065,2395.42,134.83,M1066,0.0,0.0,0,0
92,PAYMENT,1732.6,C1066,8280.75,6548.15,M1067,0.0,0.0,0,0
93,PAYMENT,456.38,C1067,1485.94,1029.56,M1068,0.0,0.0,0,0
94,PAYMENT,1537.82,C1068,9832.04,8294.22,M1069,0.0,0.0,0,0
95,PAYMENT,724.12,C1069,2392.26,1668.14,M1070,0.0,0.0,0,0
96,PAYMENT,787.71,C1070,8032.63,7244.92,M1071,0.0,0.0,0,0
97,PAYMENT,2934.4,C1071,1326.65,-1607.75,M1072,0.0,0.0,0,0
98,PAYMENT,553.96,C1072,8398.77,7844.81,M1073,0.0,0.0,0,0
99,PAYMENT,697.68,C1073,6410.51,5712.83,M1074,0.0,0.0,0,0
100,PAYMENT,1261.69,C1074,4936.98,3675.29,M1075,0.0,0.0,0,0
101,PAYMENT,3017.88,C1075,9337.76,6319.88,M1076,0.0,0.0,0,0
102,PAYMENT,4875.19,C1076,5417.2,542.01,M1077,0.0,0.0,0,0
103,PAYMENT,1742.69,C1077,9193.23,7450.54,M1078,0.0,0.0,0,0
104,PAYMENT,4954.32,C1078,3888.32,-1066.0,M1079,0.0,0.0,0,0
105,PAYMENT,4389.01,C1079,9929.46,5540.45,M1080,0.0,0.0,0,0
106,PAYMENT,4367.98,C1080,1124.93,-3243.05,M1081,0.0,0.0,0,0
107,PAYMENT,252.47,C1081,5543.13,5290.66,M1082,0.0,0.0,0,0
108,PAYMENT,3450.2,C1082,5394.09,1943.89,M1083,0.0,0.0,0,0
109,PAYMENT,2984.69,C1083,6310.19,3325.5,M1084,0.0,0.0,0,0
110,PAYMENT,465.36,C1084,6108.16,5642.8,M1085,0.0,0.0,0,0
111,PAYMENT,4865.74,C1085,4614.66,-251.08,M1086,0.0,0.0,0,0
112,PAYMENT,1633.75,C1086,4323.55,2689.8,M1087,0.0,0.0,0,0
113,PAYMENT,505.38,C1087,3407.96,2902.58,M1088,0.0,0.0,0,0
114,PAYMENT,2025.48,C1088,5720.05,3694.57,M1089,0.0,0.0,0,0
115,PAYMENT,942.38,C1089,1989.66,1047.28,M1090,0.0,0.0,0,0
116,PAYMENT,803.19,C1090,4498.7,3695.51,M1091,0.0,0.0,0,0
117,PAYMENT,2765.85,C1091,9740.43,6974.58,M1092,0.0,0.0,0,0
118,PAYMENT,1802.07,C1092,3720.5,1918.43,M1093,0.0,0.0,0,0
119,PAYMENT,3215.5,C1093,4689.19,1473.69,M1094,0.0,0.0,0,0
120,PAYMENT,4916.89,C1094,7566.69,2649.8,M1095,0.0,0.0,0,0
121,PAYMENT,2122.22,C1095,3111.3,989.08,M1096,0.0,0.0,0,0
122,PAYMENT,3074.89,C1096,9893.83,6818.94,M1097,0.0,0.0,0,0
123,PAYMENT,2837.83,C1097,9893.89,7056.06,M1098,0.0,0.0,0,0
124,PAYMENT,3855.9,C1098,2116.47,-1739.43,M1099,0.0,0.0,0,0
125,PAYMENT,589.2,C1099,6279.04,5689.84,M1100,0.0,0.0,0,0
126,PAYMENT,4234.98,C1100,7718.63,3483.65,M1101,0.0,0.0,0,0
127,PAYMENT,2948.23,C1101,5736.9,2788.67,M1102,0.0,0.0,0,0
128,PAYMENT,1012.43,C1102,7030.59,6018.16,M1103,0.0,0.0,0,0
129,PAYMENT,4537.78,C1103,4597.96,60.18,M1104,0.0,0.0,0,0
130,PAYMENT,3428.36,C1104,4398.73,970.37,M1105,0.0,0.0,0,0
131,PAYMENT,3594.97,C1105,9006.9,5411.93,M1106,0.0,0.0,0,0
132,PAYMENT,3186.08,C1106,2838.7,-347.38,M1107,0.0,0.0,0,0
133,PAYMENT,2108.56,C1107,3077.48,968.92,M1108,0.0,0.0,0,0
134,PAYMENT,1744.0,C1108,5293.46,3549.46,M1109,0.0,0.0,0,0
135,PAYMENT,3411.34,C1109,3768.29,356.95,M1110,0.0,0.0,0,0
136,PAYMENT,2563.52,C1110,2417.72,-145.8,M1111,0.0,0.0,0,0
137,PAYMENT,2726.84,C1111,8349.78,5622.94,M1112,0.0,0.0,0,0
138,PAYMENT,2339.66,C1112,1452.11,-887.55,M1113,0.0,0.0,0,0
139,PAYMENT,2242.19,C1113,8012.77,5770.58,M1114,0.0,0.0,0,0
140,PAYMENT,3044.92,C1114,7455.83,4410.91,M1115,0.0,0.0,0,0
141,PAYMENT,990.41,C1115,9725.54,8735.13,M1116,0.0,0.0,0,0
142,PAYMENT,2652.22,C1116,7528.35,4876.13,M1117,0.0,0.0,0,0
143,PAYMENT,4716.61,C1117,9825.23,5108.62,M1118,0.0,0.0,0,0
144,PAYMENT,1056.13,C1118,8434.24,7378.11,M1119,0.0,0.0,0,0
145,PAYMENT,2337.36,C1119,5321.42,2984.06,M1120,0.0,0.0,0,0
146,PAYMENT,3224.28,C1120,7842.71,4618.43,M1121,0.0,0.0,0,0
147,PAYMENT,1023.12,C1121,6953.38,5930.26,M1122,0.0,0.0,0,0
148,PAYMENT,1261.34,C1122,7055.69,5794.35,M1123,0.0,0.0,0,0
149,PAYMENT,3399.19,C1123,3148.23,-250.96,M1124,0.0,0.0,0,0
150,PAYMENT,4914.14,C1124,9590.53,4676.39,M1125,0.0,0.0,0,0
151,PAYMENT,2200.68,C1125,8288.66,6087.98,M1126,0.0,0.0,0,0
152,PAYMENT,1369.06,C1126,9073.2,7704.14,M1127,0.0,0.0,0,0
153,PAYMENT,3001.05,C1127,9074.23,6073.18,M1128,0.0,0.0,0,0
154,PAYMENT,4168.58,C1128,7791.72,3623.14,M1129,0.0,0.0,0,0
155,PAYMENT,545.95,C1129,7471.82,6925.87,M1130,0.0,0.0,0,0
156,PAYMENT,4933.31,C1130,7813.21,2879.9,M1131,0.0,0.0,0,0
157,PAYMENT,3465.57,C1131,5465.33,1999.76,M1132,0.0,0.0,0,0
158,PAYMENT,2228.58,C1132,5613.85,3385.27,M1133,0.0,0.0,0,0
159,PAYMENT,2440.35,C1133,7401.73,4961.38,M1134,0.0,0.0,0,0
160,PAYMENT,1143.89,C1134,5103.52,3959.63,M1135,0.0,0.0,0,0
161,PAYMENT,567.93,C1135,8617.93,8050.0,M1136,0.0,0.0,0,0
162,PAYMENT,4215.74,C1136,3820.9,-394.84,M1137,0.0,0.0,0,0
163,PAYMENT,3611.87,C1137,2748.82,-863.05,M1138,0.0,0.0,0,0
164,PAYMENT,1434.95,C1138,2177.99,743.04,M1139,0.0,0.0,0,0
165,PAYMENT,579.04,C1139,4825.87,4246.83,M1140,0.0,0.0,0,0
166,PAYMENT,2779.12,C1140,3226.36,447.24,M1141,0.0,0.0,0,0
167,PAYMENT,1666.99,C1141,2705.67,1038.68,M1142,0.0,0.0,0,0
168,PAYMENT,4780.3,C1142,1243.98,-3536.32,M1143,0.0,0.0,0,0
169,PAYMENT,1902.57,C1143,4915.88,3013.31,M1144,0.0,0.0,0,0
170,PAYMENT,2899.14,C1144,7405.15,4506.01,M1145,0.0,0.0,0,0
171,PAYMENT,2912.82,C1145,5183.07,2270.25,M1146,0.0,0.0,0,0
172,PAYMENT,1110.15,C1146,8468.18,7358.03,M1147,0.0,0.0,0,0
173,PAYMENT,2160.34,C1147,1942.2,-218.14,M1148,0.0,0.0,0,0
174,PAYMENT,180.6,C1148,3893.57,3712.97,M1149,0.0,0.0,0,0
175,PAYMENT,4530.79,C1149,4519.34,-11.45,M1150,0.0,0.0,0,0
176,PAYMENT,1549.62,C1150,1718.06,168.44,M1151,0.0,0.0,0,0
177,PAYMENT,2742.71,C1151,1447.32,-1295.39,M1152,0.0,0.0,0,0
178,PAYMENT,413.36,C1152,5951.71,5538.35,M1153,0.0,0.0,0,0
179,PAYMENT,2584.94,C1153,1119.72,-1465.22,M1154,0.0,0.0,0,0
180,PAYMENT,3189.73,C1154,6023.03,2833.3,M1155,0.0,0.0,0,0
181,PAYMENT,3077.67,C1155,4970.12,1892.45,M1156,0.0,0.0,0,0
182,PAYMENT,1660.51,C1156,7232.06,5571.55,M1157,0.0,0.0,0,0
183,PAYMENT,2224.65,C1157,3334.28,1109.63,M1158,0.0,0.0,0,0
184,PAYMENT,1449.0,C1158,1807.71,358.71,M1159,0.0,0.0,0,0
185,PAYMENT,1523.33,C1159,8037.41,6514.08,M1160,0.0,0.0,0,0
186,PAYMENT,1519.18,C1160,1368.8,-150.38,M1161,0.0,0.0,0,0
187,PAYMENT,605.39,C1161,9463.29,8857.9,M1162,0.0,0.0,0,0
188,PAYMENT,2377.64,C1162,4591.7,2214.06,M1163,0.0,0.0,0,0
189,PAYMENT,834.94,C1163,9483.56,8648.62,M1164,0.0,0.0,0,0
190,PAYMENT,695.72,C1164,4130.96,3435.24,M1165,0.0,0.0,0,0
191,PAYMENT,3986.33,C1165,8173.52,4187.19,M1166,0.0,0.0,0,0
192,PAYMENT,273.27,C1166,8978.11,8704.84,M1167,0.0,0.0,0,0
193,PAYMENT,4363.21,C1167,2135.54,-2227.67,M1168,0.0,0.0,0,0
194,PAYMENT,3076.32,C1168,2310.95,-765.37,M1169,0.0,0.0,0,0
195,PAYMENT,3367.92,C1169,4965.52,1597.6,M1170,0.0,0.0,0,0
196,PAYMENT,2078.54,C1170,3895.57,1817.03,M1171,0.0,0.0,0,0
197,PAYMENT,1405.43,C1171,1218.39,-187.04,M1172,0.0,0.0,0,0
198,PAYMENT,3014.92,C1172,2619.52,-395.4,M1173,0.0,0.0,0,0
199,PAYMENT,1796.5,C1173,1486.29,-310.21,M1174,0.0,0.0,0,0
200,PAYMENT,322.41,C1174,8538.27,8215.86,M1175,0.0,0.0,0,0
201,PAYMENT,505.79,C1175,6878.35,6372.56,M1176,0.0,0.0,0,0
202,PAYMENT,2154.26,C1176,1661.09,-493.17,M1177,0.0,0.0,0,0
203,PAYMENT,754.6,C1177,9365.24,8610.64,M1178,0.0,0.0,0,0
204,PAYMENT,4852.37,C1178,9423.43,4571.06,M1179,0.0,0.0,0,0
205,PAYMENT,850.4,C1179,1142.81,292.41,M1180,0.0,0.0,0,0
206,PAYMENT,4614.67,C1180,5164.02,549.35,M1181,0.0,0.0,0,0
207,PAYMENT,2127.63,C1181,3536.05,1408.42,M1182,0.0,0.0,0,0
208,PAYMENT,443.01,C1182,2173.23,1730.22,M1183,0.0,0.0,0,0
209,PAYMENT,1301.1,C1183,9061.71,7760.61,M1184,0.0,0.0,0,0
210,PAYMENT,1182.45,C1184,1818.24,635.79,M1185,0.0,0.0,0,0
211,PAYMENT,964.76,C1185,1925.67,960.91,M1186,0.0,0.0,0,0
212,PAYMENT,3233.33,C1186,2533.43,-699.9,M1187,0.0,0.0,0,0
213,PAYMENT,1108.68,C1187,9541.1,8432.42,M1188,0.0,0.0,0,0
214,PAYMENT,2057.8,C1188,8300.36,6242.56,M1189,0.0,0.0,0,0
215,PAYMENT,3840.23,C1189,7317.92,3477.69,M1190,0.0,0.0,0,0
216,PAYMENT,690.82,C1190,5556.04,4865.22,M1191,0.0,0.0,0,0
217,PAYMENT,237.4,C1191,3337.63,3100.23,M1192,0.0,0.0,0,0
218,PAYMENT,1263.46,C1192,4929.06,3665.6,M1193,0.0,0.0,0,0
219,PAYMENT,171.26,C1193,8041.32,7870.06,M1194,0.0,0.0,0,0
220,PAYMENT,1923.71,C1194,7414.39,5490.68,M1195,0.0,0.0,0,0
221,PAYMENT,1560.27,C1195,5522.22,3961.95,M1196,0.0,0.0,0,0
222,PAYMENT,511.6,C1196,8914.89,8403.29,M1197,0.0,0.0,0,0
223,PAYMENT,1408.85,C1197,7903.9,6495.05,M1198,0.0,0.0,0,0
224,PAYMENT,4727.81,C1198,5282.87,555.06,M1199,0.0,0.0,0,0
225,PAYMENT,3588.98,C1199,3931.2,342.22,M1200,0.0,0.0,0,0
226,PAYMENT,3337.69,C1200,7102.13,3764.44,M1201,0.0,0.0,0,0
227,PAYMENT,2321.34,C1201,7132.49,4811.15,M1202,0.0,0.0,0,0
228,PAYMENT,1156.63,C1202,5735.94,4579.31,M1203,0.0,0.0,0,0
229,PAYMENT,2330.64,C1203,2250.15,-80.49,M1204,0.0,0.0,0,0
230,PAYMENT,3702.97,C1204,8489.67,4786.7,M1205,0.0,0.0,0,0
231,PAYMENT,2454.28,C1205,7195.79,4741.51,M1206,0.0,0.0,0,0
232,PAYMENT,1129.65,C1206,3749.45,2619.8,M1207,0.0,0.0,0,0
233,PAYMENT,1393.61,C1207,9675.3,8281.69,M1208,0.0,0.0,0,0
234,PAYMENT,1539.41,C1208,1467.68,-71.73,M1209,0.0,0.0,0,0
235,PAYMENT,2990.66,C1209,7922.72,4932.06,M1210,0.0,0.0,0,0
236,PAYMENT,1561.86,C1210,4027.57,2465.71,M1211,0.0,0.0,0,0
237,PAYMENT,564.44,C1211,1188.88,624.44,M1212,0.0,0.0,0,0
238,PAYMENT,642.75,C1212,1506.92,864.17,M1213,0.0,0.0,0,0
239,PAYMENT,4326.01,C1213,8014.61,3688.6,M1214,0.0,0.0,0,0
240,PAYMENT,3378.9,C1214,4947.51,1568.61,M1215,0.0,0.0,0,0
241,PAYMENT,3503.21,C1215,1867.25,-1635.96,M1216,0.0,0.0,0,0
242,PAYMENT,3798.08,C1216,7444.1,3646.02,M1217,0.0,0.0,0,0
243,PAYMENT,4956.56,C1217,2115.0,-2841.56,M1218,0.0,0.0,0,0
244,PAYMENT,2702.44,C1218,8373.92,5671.48,M1219,0.0,0.0,0,0
245,PAYMENT,715.64,C1219,8161.39,7445.75,M1220,0.0,0.0,0,0
246,PAYMENT,513.03,C1220,2435.44,1922.41,M1221,0.0,0.0,0,0
247,PAYMENT,2329.07,C1221,8794.2,6465.13,M1222,0.0,0.0,0,0
248,PAYMENT,1020.51,C1222,6658.39,5637.88,M1223,0.0,0.0,0,0
249,PAYMENT,228.79,C1223,5197.58,4968.79,M1224,0.0,0.0,0,0
250,PAYMENT,2199.14,C1224,9081.55,6882.41,M1225,0.0,0.0,0,0
251,PAYMENT,4995.3,C1225,7034.24,2038.94,M1226,0.0,0.0,0,0
252,PAYMENT,2451.56,C1226,7115.17,4663.61,M1227,0.0,0.0,0,0
253,PAYMENT,4827.17,C1227,2143.6,-2683.57,M1228,0.0,0.0,0,0
254,PAYMENT,2643.17,C1228,1935.19,-707.98,M1229,0.0,0.0,0,0
255,PAYMENT,259.47,C1229,3179.26,2919.79,M1230,0.0,0.0,0,0
256,PAYMENT,2029.8,C1230,9358.99,7329.19,M1231,0.0,0.0,0,0
257,PAYMENT,3869.61,C1231,5305.15,1435.54,M1232,0.0,0.0,0,0
258,PAYMENT,1222.98,C1232,4589.38,3366.4,M1233,0.0,0.0,0,0
259,PAYMENT,3736.85,C1233,7211.6,3474.75,M1234,0.0,0.0,0,0
260,PAYMENT,4826.64,C1234,8154.93,3328.29,M1235,0.0,0.0,0,0
261,PAYMENT,2156.19,C1235,1280.31,-875.88,M1236,0.0,0.0,0,0
262,PAYMENT,1574.18,C1236,3433.23,1859.05,M1237,0.0,0.0,0,0
263,PAYMENT,3702.44,C1237,7955.17,4252.73,M1238,0.0,0.0,0,0
264,PAYMENT,4810.18,C1238,5480.78,670.6,M1239,0.0,0.0,0,0
265,PAYMENT,1447.98,C1239,7122.02,5674.04,M1240,0.0,0.0,0,0
266,PAYMENT,2695.53,C1240,5866.39,3170.86,M1241,0.0,0.0,0,0
267,PAYMENT,4010.09,C1241,8473.79,4463.7,M1242,0.0,0.0,0,0
268,PAYMENT,1477.07,C1242,5551.36,4074.29,M1243,0.0,0.0,0,0
269,PAYMENT,3864.72,C1243,5705.61,1840.89,M1244,0.0,0.0,0,0
270,PAYMENT,1353.24,C1244,8376.56,7023.32,M1245,0.0,0.0,0,0
271,PAYMENT,703.32,C1245,6097.13,5393.81,M1246,0.0,0.0,0,0
272,PAYMENT,1867.96,C1246,8675.15,6807.19,M1247,0.0,0.0,0,0
273,PAYMENT,4943.44,C1247,6612.07,1668.63,M1248,0.0,0.0,0,0
274,PAYMENT,3621.87,C1248,2632.55,-989.32,M1249,0.0,0.0,0,0
275,PAYMENT,4850.66,C1249,3786.13,-1064.53,M1250,0.0,0.0,0,0
276,PAYMENT,3863.0,C1250,8239.75,4376.75,M1251,0.0,0.0,0,0
277,PAYMENT,581.29,C1251,6001.89,5420.6,M1252,0.0,0.0,0,0
278,PAYMENT,4049.4,C1252,6774.43,2725.03,M1253,0.0,0.0,0,0
279,PAYMENT,1500.83,C1253,8802.44,7301.61,M1254,0.0,0.0,0,0
280,PAYMENT,2309.93,C1254,3778.0,1468.07,M1255,0.0,0.0,0,0
281,PAYMENT,4925.02,C1255,6730.58,1805.56,M1256,0.0,0.0,0,0
282,PAYMENT,3673.48,C1256,8430.55,4757.07,M1257,0.0,0.0,0,0
283,PAYMENT,1522.98,C1257,7310.82,5787.84,M1258,0.0,0.0,0,0
284,PAYMENT,4120.76,C1258,2004.67,-2116.09,M1259,0.0,0.0,0,0
285,PAYMENT,3925.24,C1259,5532.57,1607.33,M1260,0.0,0.0,0,0
286,PAYMENT,4895.08,C1260,9298.03,4402.95,M1261,0.0,0.0,0,0
287,PAYMENT,4047.9,C1261,2885.06,-1162.84,M1262,0.0,0.0,0,0
288,PAYMENT,4671.68,C1262,2990.24,-1681.44,M1263,0.0,0.0,0,0
289,PAYMENT,1663.9,C1263,2229.13,565.23,M1264,0.0,0.0,0,0
290,PAYMENT,3251.17,C1264,2299.96,-951.21,M1265,0.0,0.0,0,0
291,PAYMENT,2004.84,C1265,9820.91,7816.07,M1266,0.0,0.0,0,0
292,PAYMENT,2702.92,C1266,6966.64,4263.72,M1267,0.0,0.0,0,0
293,PAYMENT,4106.17,C1267,3949.07,-157.1,M1268,0.0,0.0,0,0
294,PAYMENT,3988.9,C1268,4907.77,918.87,M1269,0.0,0.0,0,0
295,PAYMENT,520.14,C1269,7599.58,7079.44,M1270,0.0,0.0,0,0
296,PAYMENT,1864.93,C1270,9955.02,8090.09,M1271,0.0,0.0,0,0
297,PAYMENT,4602.76,C1271,8006.37,3403.61,M1272,0.0,0.0,0,0
298,PAYMENT,4412.44,C1272,5777.14,1364.7,M1273,0.0,0.0,0,0
299,PAYMENT,4073.84,C1273,4659.83,585.99,M1274,0.0,0.0,0,0
300,PAYMENT,3705.05,C1274,6505.26,2800.21,M1275,0.0,0.0,0,0
301,PAYMENT,1683.98,C1275,7383.76,5699.78,M1276,0.0,0.0,0,0
302,PAYMENT,2502.67,C1276,7843.16,5340.49,M1277,0.0,0.0,0,0
303,PAYMENT,3981.74,C1277,5337.0,1355.26,M1278,0.0,0.0,0,0
304,PAYMENT,2421.05,C1278,5931.33,3510.28,M1279,0.0,0.0,0,0
305,PAYMENT,1319.35,C1279,9074.33,7754.98,M1280,0.0,0.0,0,0
306,PAYMENT,874.33,C1280,6718.08,5843.75,M1281,0.0,0.0,0,0
307,PAYMENT,1812.26,C1281,1903.9,91.64,M1282,0.0,0.0,0,0
308,PAYMENT,2598.85,C1282,9689.13,7090.28,M1283,0.0,0.0,0,0
309,PAYMENT,3712.97,C1283,2440.85,-1272.12,M1284,0.0,0.0,0,0
310,PAYMENT,585.43,C1284,3415.63,2830.2,M1285,0.0,0.0,0,0
311,PAYMENT,3516.01,C1285,5500.39,1984.38,M1286,0.0,0.0,0,0
312,PAYMENT,4506.49,C1286,1561.28,-2945.21,M1287,0.0,0.0,0,0
313,PAYMENT,2727.48,C1287,8344.59,5617.11,M1288,0.0,0.0,0,0
314,PAYMENT,968.71,C1288,2493.62,1524.91,M1289,0.0,0.0,0,0
315,PAYMENT,834.28,C1289,4001.75,3167.47,M1290,0.0,0.0,0,0
316,PAYMENT,4989.34,C1290,6986.48,1997.14,M1291,0.0,0.0,0,0
317,PAYMENT,3546.61,C1291,9128.81,5582.2,M1292,0.0,0.0,0,0
318,PAYMENT,1306.02,C1292,4719.71,3413.69,M1293,0.0,0.0,0,0
319,PAYMENT,1409.72,C1293,2155.64,745.92,M1294,0.0,0.0,0,0
320,PAYMENT,2267.22,C1294,5745.14,3477.92,M1295,0.0,0.0,0,0
321,PAYMENT,1207.28,C1295,5734.83,4527.55,M1296,0.0,0.0,0,0
322,PAYMENT,3157.84,C1296,2837.13,-320.71,M1297,0.0,0.0,0,0
323,PAYMENT,3630.72,C1297,3063.69,-567.03,M1298,0.0,0.0,0,0
324,PAYMENT,2593.99,C1298,3315.61,721.62,M1299,0.0,0.0,0,0
325,PAYMENT,945.0,C1299,9897.58,8952.58,M1300,0.0,0.0,0,0
326,PAYMENT,4551.37,C1300,1806.47,-2744.9,M1301,0.0,0.0,0,0
327,PAYMENT,1368.76,C1301,6781.65,5412.89,M1302,0.0,0.0,0,0
328,PAYMENT,940.34,C1302,4904.9,3964.56,M1303,0.0,0.0,0,0
329,PAYMENT,3762.59,C1303,6134.87,2372.28,M1304,0.0,0.0,0,0
330,PAYMENT,1725.35,C1304,3034.53,1309.18,M1305,0.0,0.0,0,0
331,PAYMENT,614.69,C1305,5346.32,4731.63,M1306,0.0,0.0,0,0
332,PAYMENT,4686.9,C1306,2116.94,-2569.96,M1307,0.0,0.0,0,0
333,PAYMENT,4288.12,C1307,5873.94,1585.82,M1308,0.0,0.0,0,0
334,PAYMENT,2378.27,C1308,9303.73,6925.46,M1309,0.0,0.0,0,0
335,PAYMENT,106.55,C1309,7047.32,6940.77,M1310,0.0,0.0,0,0
336,PAYMENT,906.25,C1310,3054.07,2147.82,M1311,0.0,0.0,0,0
337,PAYMENT,4280.36,C1311,8288.87,4008.51,M1312,0.0,0.0,0,0
338,PAYMENT,3845.1,C1312,4444.96,599.86,M1313,0.0,0.0,0,0
339,PAYMENT,4199.74,C1313,9209.26,5009.52,M1314,0.0,0.0,0,0
340,PAYMENT,3395.33,C1314,8784.35,5389.02,M1315,0.0,0.0,0,0
341,PAYMENT,723.61,C1315,9708.66,8985.05,M1316,0.0,0.0,0,0
342,PAYMENT,662.7,C1316,4435.02,3772.32,M1317,0.0,0.0,0,0
343,PAYMENT,830.66,C1317,1833.54,1002.88,M1318,0.0,0.0,0,0
344,PAYMENT,3512.63,C1318,5699.48,2186.85,M1319,0.0,0.0,0,0
345,PAYMENT,4935.5,C1319,2208.13,-2727.37,M1320,0.0,0.0,0,0
346,PAYMENT,4668.2,C1320,7486.89,2818.69,M1321,0.0,0.0,0,0
347,PAYMENT,4831.83,C1321,2328.29,-2503.54,M1322,0.0,0.0,0,0
348,PAYMENT,1678.52,C1322,5885.81,4207.29,M1323,0.0,0.0,0,0
349,PAYMENT,1274.41,C1323,7762.63,6488.22,M1324,0.0,0.0,0,0
350,PAYMENT,217.41,C1324,6509.43,6292.02,M1325,0.0,0.0,0,0
351,PAYMENT,1648.76,C1325,3905.04,2256.28,M1326,0.0,0.0,0,0
352,PAYMENT,2830.72,C1326,1658.49,-1172.23,M1327,0.0,0.0,0,0
353,PAYMENT,457.46,C1327,1276.38,818.92,M1328,0.0,0.0,0,0
354,PAYMENT,1234.17,C1328,2724.5,1490.33,M1329,0.0,0.0,0,0
355,PAYMENT,1124.98,C1329,8089.75,6964.77,M1330,0.0,0.0,0,0
356,PAYMENT,467.78,C1330,8824.5,8356.72,M1331,0.0,0.0,0,0
357,PAYMENT,837.46,C1331,2336.38,1498.92,M1332,0.0,0.0,0,0
358,PAYMENT,2729.67,C1332,1568.22,-1161.45,M1333,0.0,0.0,0,0
359,PAYMENT,4961.9,C1333,1096.45,-3865.45,M1334,0.0,0.0,0,0
360,PAYMENT,4300.14,C1334,6631.63,2331.49,M1335,0.0,0.0,0,0
361,PAYMENT,4722.24,C1335,7743.96,3021.72,M1336,0.0,0.0,0,0
362,PAYMENT,1376.35,C1336,3038.69,1662.34,M1337,0.0,0.0,0,0
363,PAYMENT,4444.96,C1337,7639.65,3194.69,M1338,0.0,0.0,0,0
364,PAYMENT,1171.31,C1338,7111.79,5940.48,M1339,0.0,0.0,0,0
365,PAYMENT,4520.01,C1339,5286.2,766.19,M1340,0.0,0.0,0,0
366,PAYMENT,4108.86,C1340,2116.98,-1991.88,M1341,0.0,0.0,0,0
367,PAYMENT,221.59,C1341,6588.37,6366.78,M1342,0.0,0.0,0,0
368,PAYMENT,4480.87,C1342,2167.51,-2313.36,M1343,0.0,0.0,0,0
369,PAYMENT,1035.95,C1343,5604.67,4568.72,M1344,0.0,0.0,0,0
370,PAYMENT,928.55,C1344,3107.14,2178.59,M1345,0.0,0.0,0,0
371,PAYMENT,2988.58,C1345,3012.46,23.88,M1346,0.0,0.0,0,0
372,PAYMENT,4313.33,C1346,3623.39,-689.94,M1347,0.0,0.0,0,0
373,PAYMENT,2795.39,C1347,8630.17,5834.78,M1348,0.0,0.0,0,0
374,PAYMENT,1821.68,C1348,2324.96,503.28,M1349,0.0,0.0,0,0
375,PAYMENT,1873.36,C1349,1069.52,-803.84,M1350,0.0,0.0,0,0
376,PAYMENT,1939.03,C1350,6601.33,4662.3,M1351,0.0,0.0,0,0
377,PAYMENT,649.77,C1351,1874.02,1224.25,M1352,0.0,0.0,0,0
378,PAYMENT,2135.25,C1352,5056.31,2921.06,M1353,0.0,0.0,0,0
379,PAYMENT,789.88,C1353,4111.64,3321.76,M1354,0.0,0.0,0,0
380,PAYMENT,4502.95,C1354,1747.64,-2755.31,M1355,0.0,0.0,0,0
381,PAYMENT,1117.44,C1355,4721.83,3604.39,M1356,0.0,0.0,0,0
382,PAYMENT,1448.92,C1356,6271.21,4822.29,M1357,0.0,0.0,0,0
383,PAYMENT,904.46,C1357,4839.59,3935.13,M1358,0.0,0.0,0,0
384,PAYMENT,701.04,C1358,1269.89,568.85,M1359,0.0,0.0,0,0
385,PAYMENT,3972.83,C1359,2799.07,-1173.76,M1360,0.0,0.0,0,0
386,PAYMENT,3798.18,C1360,5941.02,2142.84,M1361,0.0,0.0,0,0
387,PAYMENT,2534.16,C1361,1088.63,-1445.53,M1362,0.0,0.0,0,0
388,PAYMENT,4604.95,C1362,6935.39,2330.44,M1363,0.0,0.0,0,0
389,PAYMENT,1649.77,C1363,2487.11,837.34,M1364,0.0,0.0,0,0
390,PAYMENT,4572.65,C1364,5403.02,830.37,M1365,0.0,0.0,0,0
391,PAYMENT,4808.4,C1365,4648.22,-160.18,M1366,0.0,0.0,0,0
392,PAYMENT,3715.44,C1366,2206.71,-1508.73,M1367,0.0,0.0,0,0
393,PAYMENT,3348.76,C1367,3478.86,130.1,M1368,0.0,0.0,0,0
394,PAYMENT,3389.53,C1368,5482.12,2092.59,M1369,0.0,0.0,0,0
395,PAYMENT,4680.9,C1369,4107.36,-573.54,M1370,0.0,0.0,0,0
396,PAYMENT,2748.84,C1370,7454.3,4705.46,M1371,0.0,0.0,0,0
397,PAYMENT,4993.78,C1371,3461.16,-1532.62,M1372,0.0,0.0,0,0
398,PAYMENT,988.52,C1372,2307.57,1319.05,M1373,0.0,0.0,0,0
399,PAYMENT,3421.7,C1373,3012.1,-409.6,M1374,0.0,0.0,0,0
400,PAYMENT,1215.52,C1374,3824.58,2609.06,M1375,0.0,0.0,0,0
401,PAYMENT,2461.42,C1375,9068.45,6607.03,M1376,0.0,0.0,0,0
402,PAYMENT,830.99,C1376,5180.39,4349.4,M1377,0.0,0.0,0,0
403,PAYMENT,2244.31,C1377,8096.43,5852.12,M1378,0.0,0.0,0,0
404,PAYMENT,1697.31,C1378,5637.59,3940.28,M1379,0.0,0.0,0,0
405,PAYMENT,4085.97,C1379,6228.07,2142.1,M1380,0.0,0.0,0,0
406,PAYMENT,4405.73,C1380,5586.7,1180.97,M1381,0.0,0.0,0,0
407,PAYMENT,3053.34,C1381,7206.72,4153.38,M1382,0.0,0.0,0,0
408,PAYMENT,1244.46,C1382,1824.43,579.97,M1383,0.0,0.0,0,0
409,PAYMENT,1437.67,C1383,6682.31,5244.64,M1384,0.0,0.0,0,0
410,PAYMENT,4349.14,C1384,9761.51,5412.37,M1385,0.0,0.0,0,0
411,PAYMENT,4618.89,C1385,8553.97,3935.08,M1386,0.0,0.0,0,0
412,PAYMENT,3770.5,C1386,2788.6,-981.9,M1387,0.0,0.0,0,0
413,PAYMENT,4703.22,C1387,5470.33,767.11,M1388,0.0,0.0,0,0
414,PAYMENT,970.98,C1388,1031.44,60.46,M1389,0.0,0.0,0,0
415,PAYMENT,3715.1,C1389,3794.4,79.3,M1390,0.0,0.0,0,0
416,PAYMENT,1471.63,C1390,9388.1,7916.47,M1391,0.0,0.0,0,0
417,PAYMENT,577.12,C1391,5564.29,4987.17,M1392,0.0,0.0,0,0
418,PAYMENT,2570.91,C1392,7878.03,5307.12,M1393,0.0,0.0,0,0
419,PAYMENT,1214.11,C1393,4797.92,3583.81,M1394,0.0,0.0,0,0
420,PAYMENT,574.54,C1394,4077.14,3502.6,M1395,0.0,0.0,0,0
421,PAYMENT,883.63,C1395,9667.02,8783.39,M1396,0.0,0.0,0,0
422,PAYMENT,1083.45,C1396,8211.0,7127.55,M1397,0.0,0.0,0,0
423,PAYMENT,4240.0,C1397,3742.11,-497.89,M1398,0.0,0.0,0,0
424,PAYMENT,481.81,C1398,4540.45,4058.64,M1399,0.0,0.0,0,0
425,PAYMENT,2841.58,C1399,2803.57,-38.01,M1400,0.0,0.0,0,0
426,PAYMENT,1323.81,C1400,7917.99,6594.18,M1401,0.0,0.0,0,0
427,PAYMENT,3280.12,C1401,1979.78,-1300.34,M1402,0.0,0.0,0,0
428,PAYMENT,130.4,C1402,5015.78,4885.38,M1403,0.0,0.0,0,0
429,PAYMENT,324.97,C1403,1572.17,1247.2,M1404,0.0,0.0,0,0
430,PAYMENT,1022.51,C1404,5269.38,4246.87,M1405,0.0,0.0,0,0
431,PAYMENT,3283.28,C1405,8946.3,5663.02,M1406,0.0,0.0,0,0
432,PAYMENT,2586.63,C1406,7261.67,4675.04,M1407,0.0,0.0,0,0
433,PAYMENT,4457.84,C1407,2782.56,-1675.28,M1408,0.0,0.0,0,0
434,PAYMENT,1134.61,C1408,6385.54,5250.93,M1409,0.0,0.0,0,0
435,PAYMENT,737.74,C1409,1807.28,1069.54,M1410,0.0,0.0,0,0
436,PAYMENT,1124.94,C1410,2961.42,1836.48,M1411,0.0,0.0,0,0
437,PAYMENT,507.59,C1411,9561.43,9053.84,M1412,0.0,0.0,0,0
438,PAYMENT,389.16,C1412,5452.53,5063.37,M1413,0.0,0.0,0,0
439,PAYMENT,2962.4,C1413,3055.75,93.35,M1414,0.0,0.0,0,0
440,PAYMENT,2769.22,C1414,9921.7,7152.48,M1415,0.0,0.0,0,0
441,PAYMENT,1110.82,C1415,4089.52,2978.7,M1416,0.0,0.0,0,0
442,PAYMENT,4769.21,C1416,3473.42,-1295.79,M1417,0.0,0.0,0,0
443,PAYMENT,1783.37,C1417,8213.41,6430.04,M1418,0.0,0.0,0,0
444,PAYMENT,4854.31,C1418,3722.55,-1131.76,M1419,0.0,0.0,0,0
445,PAYMENT,3790.43,C1419,7833.24,4042.81,M1420,0.0,0.0,0,0
446,PAYMENT,2802.92,C1420,8104.73,5301.81,M1421,0.0,0.0,0,0
447,PAYMENT,3651.07,C1421,6335.92,2684.85,M1422,0.0,0.0,0,0
448,PAYMENT,3158.6,C1422,4048.85,890.25,M1423,0.0,0.0,0,0
449,PAYMENT,838.56,C1423,7078.26,6239.7,M1424,0.0,0.0,0,0
450,PAYMENT,4820.16,C1424,4007.43,-812.73,M1425,0.0,0.0,0,0
451,PAYMENT,1069.99,C1425,2270.66,1200.67,M1426,0.0,0.0,0,0
452,PAYMENT,1544.38,C1426,4599.39,3055.01,M1427,0.0,0.0,0,0
453,PAYMENT,3754.89,C1427,9876.96,6122.07,M1428,0.0,0.0,0,0
454,PAYMENT,3968.45,C1428,4476.15,507.7,M1429,0.0,0.0,0,0
455,PAYMENT,4230.21,C1429,3936.07,-294.14,M1430,0.0,0.0,0,0
456,PAYMENT,4373.77,C1430,3118.3,-1255.47,M1431,0.0,0.0,0,0
457,PAYMENT,3726.51,C1431,3760.04,33.53,M1432,0.0,0.0,0,0
458,PAYMENT,213.16,C1432,3295.65,3082.49,M1433,0.0,0.0,0,0
459,PAYMENT,936.98,C1433,4900.28,3963.3,M1434,0.0,0.0,0,0
460,PAYMENT,2998.42,C1434,9336.17,6337.75,M1435,0.0,0.0,0,0
461,PAYMENT,3544.74,C1435,5058.14,1513.4,M1436,0.0,0.0,0,0
462,PAYMENT,4205.13,C1436,1582.45,-2622.68,M1437,0.0,0.0,0,0
463,PAYMENT,199.36,C1437,4526.1,4326.74,M1438,0.0,0.0,0,0
464,PAYMENT,256.08,C1438,1729.94,1473.86,M1439,0.0,0.0,0,0
465,PAYMENT,4200.06,C1439,5525.05,1324.99,M1440,0.0,0.0,0,0
466,PAYMENT,272.48,C1440,8999.75,8727.27,M1441,0.0,0.0,0,0
467,PAYMENT,2745.3,C1441,1589.72,-1155.58,M1442,0.0,0.0,0,0
468,PAYMENT,968.37,C1442,7501.38,6533.01,M1443,0.0,0.0,0,0
469,PAYMENT,4777.82,C1443,2659.24,-2118.58,M1444,0.0,0.0,0,0
470,PAYMENT,4343.82,C1444,9993.05,5649.23,M1445,0.0,0.0,0,0
471,PAYMENT,4798.24,C1445,2231.17,-2567.07,M1446,0.0,0.0,0,0
472,PAYMENT,1101.5,C1446,8863.23,7761.73,M1447,0.0,0.0,0,0
473,PAYMENT,353.62,C1447,8670.23,8316.61,M1448,0.0,0.0,0,0
474,PAYMENT,2053.57,C1448,6452.79,4399.22,M1449,0.0,0.0,0,0
475,PAYMENT,2877.2,C1449,2722.69,-154.51,M1450,0.0,0.0,0,0
476,PAYMENT,1869.16,C1450,9543.62,7674.46,M1451,0.0,0.0,0,0
477,PAYMENT,1220.63,C1451,1117.69,-102.94,M1452,0.0,0.0,0,0
478,PAYMENT,3773.34,C1452,7798.84,4025.5,M1453,0.0,0.0,0,0
479,PAYMENT,2272.6,C1453,8046.64,5774.04,M1454,0.0,0.0,0,0
480,PAYMENT,3843.38,C1454,4650.46,807.08,M1455,0.0,0.0,0,0
481,PAYMENT,3133.84,C1455,1597.77,-1536.07,M1456,0.0,0.0,0,0
482,PAYMENT,1019.23,C1456,8764.97,7745.74,M1457,0.0,0.0,0,0
483,PAYMENT,4876.83,C1457,2659.9,-2216.93,M1458,0.0,0.0,0,0
484,PAYMENT,4067.86,C1458,7357.95,3290.09,M1459,0.0,0.0,0,0
485,PAYMENT,960.77,C1459,6138.99,5178.22,M1460,0.0,0.0,0,0
486,PAYMENT,160.02,C1460,4545.18,4385.16,M1461,0.0,0.0,0,0
487,PAYMENT,1634.13,C1461,1548.29,-85.84,M1462,0.0,0.0,0,0
488,PAYMENT,2751.41,C1462,6617.76,3866.35,M1463,0.0,0.0,0,0
489,PAYMENT,3026.35,C1463,5932.19,2905.84,M1464,0.0,0.0,0,0
490,PAYMENT,1973.5,C1464,2550.95,577.45,M1465,0.0,0.0,0,0
491,PAYMENT,1912.89,C1465,4382.2,2469.31,M1466,0.0,0.0,0,0
492,PAYMENT,3958.26,C1466,9604.71,5646.45,M1467,0.0,0.0,0,0
493,PAYMENT,4739.98,C1467,7869.8,3129.82,M1468,0.0,0.0,0,0
494,PAYMENT,2703.35,C1468,1037.85,-1665.5,M1469,0.0,0.0,0,0
495,PAYMENT,1200.56,C1469,3004.59,1804.03,M1470,0.0,0.0,0,0
496,PAYMENT,259.71,C1470,4792.89,4533.18,M1471,0.0,0.0,0,0
497,PAYMENT,1433.11,C1471,2095.96,662.85,M1472,0.0,0.0,0,0
498,PAYMENT,4364.91,C1472,5785.15,1420.24,M1473,0.0,0.0,0,0
499,PAYMENT,2053.88,C1473,4148.92,2095.04,M1474,0.0,0.0,0,0
500,PAYMENT,3909.55,C1474,4256.34,346.79,M1475,0.0,0.0,0,0
501,PAYMENT,3040.51,C1475,7354.79,4314.28,M1476,0.0,0.0,0,0
502,PAYMENT,1041.17,C1476,7414.55,6373.38,M1477,0.0,0.0,0,0
503,PAYMENT,4893.17,C1477,7437.0,2543.83,M1478,0.0,0.0,0,0
504,PAYMENT,938.35,C1478,2525.02,1586.67,M1479,0.0,0.0,0,0
505,PAYMENT,4516.25,C1479,3860.01,-656.24,M1480,0.0,0.0,0,0
506,PAYMENT,4975.72,C1480,9852.01,4876.29,M1481,0.0,0.0,0,0
507,PAYMENT,1234.48,C1481,3202.71,1968.23,M1482,0.0,0.0,0,0
508,PAYMENT,371.69,C1482,3313.17,2941.48,M1483,0.0,0.0,0,0
509,PAYMENT,4607.73,C1483,5656.47,1048.74,M1484,0.0,0.0,0,0
510,PAYMENT,4291.14,C1484,9507.29,5216.15,M1485,0.0,0.0,0,0
511,PAYMENT,3117.01,C1485,6104.86,2987.85,M1486,0.0,0.0,0,0
512,PAYMENT,3711.55,C1486,9718.02,6006.47,M1487,0.0,0.0,0,0
513,PAYMENT,2484.04,C1487,4197.91,1713.87,M1488,0.0,0.0,0,0
514,PAYMENT,4218.89,C1488,2898.17,-1320.72,M1489,0.0,0.0,0,0
515,PAYMENT,1543.26,C1489,3700.85,2157.59,M1490,0.0,0.0,0,0
516,PAYMENT,2614.09,C1490,3206.64,592.55,M1491,0.0,0.0,0,0
517,PAYMENT,298.0,C1491,7811.71,7513.71,M1492,0.0,0.0,0,0
518,PAYMENT,3087.09,C1492,8144.78,5057.69,M1493,0.0,0.0,0,0
519,PAYMENT,1291.53,C1493,2386.99,1095.46,M1494,0.0,0.0,0,0
520,PAYMENT,3025.79,C1494,7543.05,4517.26,M1495,0.0,0.0,0,0
521,PAYMENT,3305.01,C1495,1229.69,-2075.32,M1496,0.0,0.0,0,0
522,PAYMENT,4697.78,C1496,5656.69,958.91,M1497,0.0,0.0,0,0
523,PAYMENT,1698.6,C1497,9713.86,8015.26,M1498,0.0,0.0,0,0
524,PAYMENT,2016.42,C1498,9319.87,7303.45,M1499,0.0,0.0,0,0
525,PAYMENT,2947.86,C1499,4564.29,1616.43,M1500,0.0,0.0,0,0
526,PAYMENT,1052.76,C1500,3031.13,1978.37,M1501,0.0,0.0,0,0
527,PAYMENT,490.03,C1501,4872.67,4382.64,M1502,0.0,0.0,0,0
528,PAYMENT,172.86,C1502,6417.8,6244.94,M1503,0.0,0.0,0,0
529,PAYMENT,291.28,C1503,4426.09,4134.81,M1504,0.0,0.0,0,0
530,PAYMENT,1987.32,C1504,2168.5,181.18,M1505,0.0,0.0,0,0
531,PAYMENT,3354.62,C1505,3677.6,322.98,M1506,0.0,0.0,0,0
532,PAYMENT,4555.55,C1506,1324.09,-3231.46,M1507,0.0,0.0,0,0
533,PAYMENT,2982.54,C1507,7467.77,4485.23,M1508,0.0,0.0,0,0
534,PAYMENT,1764.73,C1508,8393.54,6628.81,M1509,0.0,0.0,0,0
535,PAYMENT,2705.2,C1509,6229.48,3524.28,M1510,0.0,0.0,0,0
536,PAYMENT,4537.14,C1510,1716.6,-2820.54,M1511,0.0,0.0,0,0
537,PAYMENT,3669.22,C1511,6451.75,2782.53,M1512,0.0,0.0,0,0
538,PAYMENT,2451.48,C1512,7973.46,5521.98,M1513,0.0,0.0,0,0
539,PAYMENT,1726.68,C1513,6153.12,4426.44,M1514,0.0,0.0,0,0
540,PAYMENT,1192.75,C1514,4723.29,3530.54,M1515,0.0,0.0,0,0
541,PAYMENT,698.15,C1515,3160.34,2462.19,M1516,0.0,0.0,0,0
542,PAYMENT,1313.06,C1516,8520.72,7207.66,M1517,0.0,0.0,0,0
543,PAYMENT,4736.78,C1517,2165.77,-2571.01,M1518,0.0,0.0,0,0
544,PAYMENT,1729.73,C1518,5172.17,3442.44,M1519,0.0,0.0,0,0
545,PAYMENT,415.26,C1519,6593.43,6178.17,M1520,0.0,0.0,0,0
546,PAYMENT,1832.23,C1520,6142.23,4310.0,M1521,0.0,0.0,0,0
547,PAYMENT,2619.18,C1521,9499.37,6880.19,M1522,0.0,0.0,0,0
548,PAYMENT,1473.39,C1522,8588.37,7114.98,M1523,0.0,0.0,0,0
549,PAYMENT,2635.6,C1523,9731.33,7095.73,M1524,0.0,0.0,0,0
550,PAYMENT,4936.97,C1524,3953.44,-983.53,M1525,0.0,0.0,0,0
551,PAYMENT,4898.98,C1525,2464.02,-2434.96,M1526,0.0,0.0,0,0
552,PAYMENT,4656.84,C1526,2361.61,-2295.23,M1527,0.0,0.0,0,0
553,PAYMENT,3912.5,C1527,9452.79,5540.29,M1528,0.0,0.0,0,0
554,PAYMENT,1018.49,C1528,7558.24,6539.75,M1529,0.0,0.0,0,0
555,PAYMENT,2724.63,C1529,9453.56,6728.93,M1530,0.0,0.0,0,0
556,PAYMENT,2790.0,C1530,6053.33,3263.33,M1531,0.0,0.0,0,0
557,PAYMENT,4021.52,C1531,9417.54,5396.02,M1532,0.0,0.0,0,0
558,PAYMENT,4244.63,C1532,2946.13,-1298.5,M1533,0.0,0.0,0,0
559,PAYMENT,4278.54,C1533,9524.07,5245.53,M1534,0.0,0.0,0,0
560,PAYMENT,1158.8,C1534,5950.07,4791.27,M1535,0.0,0.0,0,0
561,PAYMENT,3723.52,C1535,9177.34,5453.82,M1536,0.0,0.0,0,0
562,PAYMENT,599.04,C1536,5175.29,4576.25,M1537,0.0,0.0,0,0
563,PAYMENT,1126.79,C1537,3386.23,2259.44,M1538,0.0,0.0,0,0
564,PAYMENT,1406.33,C1538,8744.26,7337.93,M1539,0.0,0.0,0,0
565,PAYMENT,3742.07,C1539,5637.18,1895.11,M1540,0.0,0.0,0,0
566,PAYMENT,3516.86,C1540,8973.49,5456.63,M1541,0.0,0.0,0,0
567,PAYMENT,3119.19,C1541,3040.67,-78.52,M1542,0.0,0.0,0,0
568,PAYMENT,1647.93,C1542,3240.14,1592.21,M1543,0.0,0.0,0,0
569,PAYMENT,4969.01,C1543,4127.32,-841.69,M1544,0.0,0.0,0,0
570,PAYMENT,1329.85,C1544,8172.99,6843.14,M1545,0.0,0.0,0,0
571,PAYMENT,4936.95,C1545,2623.77,-2313.18,M1546,0.0,0.0,0,0
572,PAYMENT,4594.96,C1546,9166.14,4571.18,M1547,0.0,0.0,0,0
573,PAYMENT,244.72,C1547,2687.17,2442.45,M1548,0.0,0.0,0,0
574,PAYMENT,1271.85,C1548,1874.22,602.37,M1549,0.0,0.0,0,0
575,PAYMENT,3398.89,C1549,9770.74,6371.85,M1550,0.0,0.0,0,0
576,PAYMENT,1390.76,C1550,8570.38,7179.62,M1551,0.0,0.0,0,0
577,PAYMENT,2628.89,C1551,4296.86,1667.97,M1552,0.0,0.0,0,0
578,PAYMENT,787.35,C1552,1711.66,924.31,M1553,0.0,0.0,0,0
579,PAYMENT,1490.45,C1553,4570.79,3080.34,M1554,0.0,0.0,0,0
580,PAYMENT,3042.25,C1554,8923.63,5881.38,M1555,0.0,0.0,0,0
581,PAYMENT,3080.21,C1555,2376.36,-703.85,M1556,0.0,0.0,0,0
582,PAYMENT,4337.82,C1556,9224.66,4886.84,M1557,0.0,0.0,0,0
583,PAYMENT,4821.2,C1557,1433.83,-3387.37,M1558,0.0,0.0,0,0
584,PAYMENT,2673.39,C1558,3692.9,1019.51,M1559,0.0,0.0,0,0
585,PAYMENT,3213.87,C1559,8824.95,5611.08,M1560,0.0,0.0,0,0
586,PAYMENT,3471.98,C1560,2380.81,-1091.17,M1561,0.0,0.0,0,0
587,PAYMENT,1629.38,C1561,2050.97,421.59,M1562,0.0,0.0,0,0
588,PAYMENT,4021.22,C1562,4963.05,941.83,M1563,0.0,0.0,0,0
589,PAYMENT,3391.93,C1563,7836.39,4444.46,M1564,0.0,0.0,0,0
590,PAYMENT,470.19,C1564,4287.79,3817.6,M1565,0.0,0.0,0,0
591,PAYMENT,3595.2,C1565,2541.07,-1054.13,M1566,0.0,0.0,0,0
592,PAYMENT,279.05,C1566,8584.29,8305.24,M1567,0.0,0.0,0,0
593,PAYMENT,2143.36,C1567,2427.56,284.2,M1568,0.0,0.0,0,0
594,PAYMENT,4681.91,C1568,1972.0,-2709.91,M1569,0.0,0.0,0,0
595,PAYMENT,4605.38,C1569,7970.76,3365.38,M1570,0.0,0.0,0,0
596,PAYMENT,4343.34,C1570,6552.52,2209.18,M1571,0.0,0.0,0,0
597,PAYMENT,4182.07,C1571,6500.69,2318.62,M1572,0.0,0.0,0,0
598,PAYMENT,3220.34,C1572,6099.23,2878.89,M1573,0.0,0.0,0,0
599,PAYMENT,2572.83,C1573,3163.25,590.42,M1574,0.0,0.0,0,0
600,PAYMENT,1865.33,C1574,1438.79,-426.54,M1575,0.0,0.0,0,0
601,PAYMENT,2939.66,C1575,8729.36,5789.7,M1576,0.0,0.0,0,0
602,PAYMENT,4186.79,C1576,1072.04,-3114.75,M1577,0.0,0.0,0,0
603,PAYMENT,1126.59,C1577,9551.87,8425.28,M1578,0.0,0.0,0,0
604,PAYMENT,2297.81,C1578,7900.98,5603.17,M1579,0.0,0.0,0,0
605,PAYMENT,3176.74,C1579,6576.29,3399.55,M1580,0.0,0.0,0,0
606,PAYMENT,1039.79,C1580,4312.88,3273.09,M1581,0.0,0.0,0,0
607,PAYMENT,1567.77,C1581,8332.56,6764.79,M1582,0.0,0.0,0,0
608,PAYMENT,4274.91,C1582,9532.44,5257.53,M1583,0.0,0.0,0,0
609,PAYMENT,1809.11,C1583,8291.09,6481.98,M1584,0.0,0.0,0,0
610,PAYMENT,1192.02,C1584,2935.46,1743.44,M1585,0.0,0.0,0,0
611,PAYMENT,1988.18,C1585,5835.33,3847.15,M1586,0.0,0.0,0,0
612,PAYMENT,1204.92,C1586,3563.04,2358.12,M1587,0.0,0.0,0,0
613,PAYMENT,1123.28,C1587,4584.51,3461.23,M1588,0.0,0.0,0,0
614,PAYMENT,2259.16,C1588,5843.75,3584.59,M1589,0.0,0.0,0,0
615,PAYMENT,4584.85,C1589,8360.72,3775.87,M1590,0.0,0.0,0,0
616,PAYMENT,3768.14,C1590,8670.95,4902.81,M1591,0.0,0.0,0,0
617,PAYMENT,3902.2,C1591,7748.57,3846.37,M1592,0.0,0.0,0,0
618,PAYMENT,1387.33,C1592,2505.0,1117.67,M1593,0.0,0.0,0,0
619,PAYMENT,2577.55,C1593,7115.47,4537.92,M1594,0.0,0.0,0,0
620,PAYMENT,4626.1,C1594,4046.79,-579.31,M1595,0.0,0.0,0,0
621,PAYMENT,3936.91,C1595,3898.18,-38.73,M1596,0.0,0.0,0,0
622,PAYMENT,239.45,C1596,6181.68,5942.23,M1597,0.0,0.0,0,0
623,PAYMENT,4410.59,C1597,7561.2,3150.61,M1598,0.0,0.0,0,0
624,PAYMENT,850.28,C1598,4556.11,3705.83,M1599,0.0,0.0,0,0
625,PAYMENT,615.02,C1599,3400.05,2785.03,M1600,0.0,0.0,0,0
626,PAYMENT,1756.51,C1600,3902.17,2145.66,M1601,0.0,0.0,0,0
627,PAYMENT,2258.8,C1601,2817.05,558.25,M1602,0.0,0.0,0,0
628,PAYMENT,2053.06,C1602,1402.33,-650.73,M1603,0.0,0.0,0,0
629,PAYMENT,3884.44,C1603,4630.75,746.31,M1604,0.0,0.0,0,0
630,PAYMENT,3584.55,C1604,7302.04,3717.49,M1605,0.0,0.0,0,0
631,PAYMENT,4057.72,C1605,9787.08,5729.36,M1606,0.0,0.0,0,0
632,PAYMENT,3175.13,C1606,4330.98,1155.85,M1607,0.0,0.0,0,0
633,PAYMENT,1566.77,C1607,6221.73,4654.96,M1608,0.0,0.0,0,0
634,PAYMENT,3226.2,C1608,1624.39,-1601.81,M1609,0.0,0.0,0,0
635,PAYMENT,3713.07,C1609,3739.35,26.28,M1610,0.0,0.0,0,0
636,PAYMENT,3098.97,C1610,1680.04,-1418.93,M1611,0.0,0.0,0,0
637,PAYMENT,2363.72,C1611,6264.76,3901.04,M1612,0.0,0.0,0,0
638,PAYMENT,4682.13,C1612,3839.44,-842.69,M1613,0.0,0.0,0,0
639,PAYMENT,3756.95,C1613,2991.72,-765.23,M1614,0.0,0.0,0,0
640,PAYMENT,3458.17,C1614,4354.5,896.33,M1615,0.0,0.0,0,0
641,PAYMENT,1804.34,C1615,5454.51,3650.17,M1616,0.0,0.0,0,0
642,PAYMENT,4352.65,C1616,9636.41,5283.76,M1617,0.0,0.0,0,0
643,PAYMENT,423.26,C1617,9787.71,9364.45,M1618,0.0,0.0,0,0
644,PAYMENT,3366.41,C1618,3628.31,261.9,M1619,0.0,0.0,0,0
645,PAYMENT,1341.14,C1619,2052.96,711.82,M1620,0.0,0.0,0,0
646,PAYMENT,2987.74,C1620,7650.5,4662.76,M1621,0.0,0.0,0,0
647,PAYMENT,2858.72,C1621,4932.45,2073.73,M1622,0.0,0.0,0,0
648,PAYMENT,3046.02,C1622,5837.9,2791.88,M1623,0.0,0.0,0,0
649,PAYMENT,2570.42,C1623,3106.19,535.77,M1624,0.0,0.0,0,0
650,PAYMENT,853.04,C1624,5689.54,4836.5,M1625,0.0,0.0,0,0
651,PAYMENT,4962.55,C1625,9066.2,4103.65,M1626,0.0,0.0,0,0
652,PAYMENT,1509.34,C1626,1360.02,-149.32,M1627,0.0,0.0,0,0
653,PAYMENT,3299.81,C1627,3475.12,175.31,M1628,0.0,0.0,0,0
654,PAYMENT,941.21,C1628,5253.74,4312.53,M1629,0.0,0.0,0,0
655,PAYMENT,1074.29,C1629,9181.94,8107.65,M1630,0.0,0.0,0,0
656,PAYMENT,3712.59,C1630,9181.22,5468.63,M1631,0.0,0.0,0,0
657,PAYMENT,4297.72,C1631,3017.27,-1280.45,M1632,0.0,0.0,0,0
658,PAYMENT,3715.87,C1632,5433.02,1717.15,M1633,0.0,0.0,0,0
659,PAYMENT,1728.39,C1633,6904.09,5175.7,M1634,0.0,0.0,0,0
660,PAYMENT,822.8,C1634,8947.22,8124.42,M1635,0.0,0.0,0,0
661,PAYMENT,516.56,C1635,9923.52,9406.96,M1636,0.0,0.0,0,0
662,PAYMENT,724.01,C1636,1170.01,446.0,M1637,0.0,0.0,0,0
663,PAYMENT,3234.52,C1637,2169.91,-1064.61,M1638,0.0,0.0,0,0
664,PAYMENT,1119.65,C1638,8070.59,6950.94,M1639,0.0,0.0,0,0
665,PAYMENT,1336.43,C1639,2653.73,1317.3,M1640,0.0,0.0,0,0
666,PAYMENT,3159.87,C1640,3520.88,361.01,M1641,0.0,0.0,0,0
667,PAYMENT,2626.93,C1641,3050.59,423.66,M1642,0.0,0.0,0,0
668,PAYMENT,492.3,C1642,9223.28,8730.98,M1643,0.0,0.0,0,0
669,PAYMENT,3025.67,C1643,7553.14,4527.47,M1644,0.0,0.0,0,0
670,PAYMENT,2398.14,C1644,7268.43,4870.29,M1645,0.0,0.0,0,0
671,PAYMENT,1108.78,C1645,5521.88,4413.1,M1646,0.0,0.0,0,0
672,PAYMENT,1285.55,C1646,6953.22,5667.67,M1647,0.0,0.0,0,0
673,PAYMENT,727.56,C1647,5181.57,4454.01,M1648,0.0,0.0,0,0
674,PAYMENT,2672.48,C1648,6057.2,3384.72,M1649,0.0,0.0,0,0
675,PAYMENT,3964.39,C1649,5492.76,1528.37,M1650,0.0,0.0,0,0
676,PAYMENT,4565.04,C1650,9403.82,4838.78,M1651,0.0,0.0,0,0
677,PAYMENT,3515.44,C1651,7209.13,3693.69,M1652,0.0,0.0,0,0
678,PAYMENT,1189.59,C1652,9196.13,8006.54,M1653,0.0,0.0,0,0
679,PAYMENT,186.85,C1653,3685.66,3498.81,M1654,0.0,0.0,0,0
680,PAYMENT,2956.31,C1654,4043.91,1087.6,M1655,0.0,0.0,0,0
681,PAYMENT,3511.24,C1655,1664.8,-1846.44,M1656,0.0,0.0,0,0
682,PAYMENT,3382.65,C1656,6530.32,3147.67,M1657,0.0,0.0,0,0
683,PAYMENT,1350.62,C1657,5104.59,3753.97,M1658,0.0,0.0,0,0
684,PAYMENT,940.17,C1658,3884.8,2944.63,M1659,0.0,0.0,0,0
685,PAYMENT,3291.16,C1659,6465.98,3174.82,M1660,0.0,0.0,0,0
686,PAYMENT,3360.01,C1660,4445.6,1085.59,M1661,0.0,0.0,0,0
687,PAYMENT,1047.88,C1661,6267.97,5220.09,M1662,0.0,0.0,0,0
688,PAYMENT,3569.25,C1662,8847.79,5278.54,M1663,0.0,0.0,0,0
689,PAYMENT,2523.14,C1663,9724.35,7201.21,M1664,0.0,0.0,0,0
690,PAYMENT,1739.23,C1664,1273.89,-465.34,M1665,0.0,0.0,0,0
691,PAYMENT,1687.8,C1665,5094.68,3406.88,M1666,0.0,0.0,0,0
692,PAYMENT,644.12,C1666,2279.45,1635.33,M1667,0.0,0.0,0,0
693,PAYMENT,3118.55,C1667,5765.41,2646.86,M1668,0.0,0.0,0,0
694,PAYMENT,1180.98,C1668,4820.38,3639.4,M1669,0.0,0.0,0,0
695,PAYMENT,619.25,C1669,7737.05,7117.8,M1670,0.0,0.0,0,0
696,PAYMENT,1052.97,C1670,5202.92,4149.95,M1671,0.0,0.0,0,0
697,PAYMENT,3288.46,C1671,4509.05,1220.59,M1672,0.0,0.0,0,0
698,PAYMENT,1173.71,C1672,4161.06,2987.35,M1673,0.0,0.0,0,0
699,PAYMENT,359.68,C1673,7637.03,7277.35,M1674,0.0,0.0,0,0
700,PAYMENT,4064.96,C1674,7797.88,3732.92,M1675,0.0,0.0,0,0
701,PAYMENT,102.6,C1675,3376.1,3273.5,M1676,0.0,0.0,0,0
702,PAYMENT,483.01,C1676,4527.35,4044.34,M1677,0.0,0.0,0,0
703,PAYMENT,4960.78,C1677,5850.75,889.97,M1678,0.0,0.0,0,0
704,PAYMENT,367.44,C1678,6536.28,6168.84,M1679,0.0,0.0,0,0
705,PAYMENT,3369.66,C1679,5320.47,1950.81,M1680,0.0,0.0,0,0
706,PAYMENT,374.85,C1680,7798.36,7423.51,M1681,0.0,0.0,0,0
707,PAYMENT,673.28,C1681,2954.18,2280.9,M1682,0.0,0.0,0,0
708,PAYMENT,3502.84,C1682,8662.09,5159.25,M1683,0.0,0.0,0,0
709,PAYMENT,1952.68,C1683,9909.64,7956.96,M1684,0.0,0.0,0,0
710,PAYMENT,4191.3,C1684,7580.31,3389.01,M1685,0.0,0.0,0,0
711,PAYMENT,870.79,C1685,4970.8,4100.01,M1686,0.0,0.0,0,0
712,PAYMENT,3562.81,C1686,7530.25,3967.44,M1687,0.0,0.0,0,0
713,PAYMENT,3161.35,C1687,3513.42,352.07,M1688,0.0,0.0,0,0
714,PAYMENT,2281.83,C1688,4743.61,2461.78,M1689,0.0,0.0,0,0
715,PAYMENT,3842.84,C1689,4768.37,925.53,M1690,0.0,0.0,0,0
716,PAYMENT,1372.96,C1690,8156.93,6783.97,M1691,0.0,0.0,0,0
717,PAYMENT,3140.46,C1691,4427.96,1287.5,M1692,0.0,0.0,0,0
718,PAYMENT,4739.67,C1692,5762.47,1022.8,M1693,0.0,0.0,0,0
719,PAYMENT,4055.02,C1693,5838.01,1782.99,M1694,0.0,0.0,0,0
720,PAYMENT,1214.64,C1694,9088.4,7873.76,M1695,0.0,0.0,0,0
721,PAYMENT,2255.86,C1695,1461.17,-794.69,M1696,0.0,0.0,0,0
722,PAYMENT,2007.31,C1696,8707.16,6699.85,M1697,0.0,0.0,0,0
723,PAYMENT,1035.13,C1697,3605.63,2570.5,M1698,0.0,0.0,0,0
724,PAYMENT,2070.74,C1698,7038.21,4967.47,M1699,0.0,0.0,0,0
725,PAYMENT,2587.05,C1699,1583.83,-1003.22,M1700,0.0,0.0,0,0
726,PAYMENT,2516.81,C1700,5079.22,2562.41,M1701,0.0,0.0,0,0
727,PAYMENT,3298.46,C1701,1757.4,-1541.06,M1702,0.0,0.0,0,0
728,PAYMENT,4809.35,C1702,9441.47,4632.12,M1703,0.0,0.0,0,0
729,PAYMENT,4548.5,C1703,7574.54,3026.04,M1704,0.0,0.0,0,0
730,PAYMENT,1489.51,C1704,6508.53,5019.02,M1705,0.0,0.0,0,0
731,PAYMENT,3164.83,C1705,3940.6,775.77,M1706,0.0,0.0,0,0
732,PAYMENT,3310.79,C1706,7215.67,3904.88,M1707,0.0,0.0,0,0
733,PAYMENT,2970.38,C1707,9925.98,6955.6,M1708,0.0,0.0,0,0
734,PAYMENT,370.04,C1708,7778.15,7408.11,M1709,0.0,0.0,0,0
735,PAYMENT,4154.17,C1709,5420.0,1265.83,M1710,0.0,0.0,0,0
736,PAYMENT,4501.37,C1710,3739.79,-761.58,M1711,0.0,0.0,0,0
737,PAYMENT,3712.14,C1711,1399.01,-2313.13,M1712,0.0,0.0,0,0
738,PAYMENT,3225.38,C1712,9936.91,6711.53,M1713,0.0,0.0,0,0
739,PAYMENT,1479.37,C1713,8751.44,7272.07,M1714,0.0,0.0,0,0
740,PAYMENT,4783.53,C1714,2296.43,-2487.1,M1715,0.0,0.0,0,0
741,PAYMENT,4075.5,C1715,4619.55,544.05,M1716,0.0,0.0,0,0
742,PAYMENT,1920.81,C1716,5886.71,3965.9,M1717,0.0,0.0,0,0
743,PAYMENT,4976.39,C1717,2993.3,-1983.09,M1718,0.0,0.0,0,0
744,PAYMENT,3807.66,C1718,1023.72,-2783.94,M1719,0.0,0.0,0,0
745,PAYMENT,1059.01,C1719,2391.17,1332.16,M1720,0.0,0.0,0,0
746,PAYMENT,2711.54,C1720,4698.89,1987.35,M1721,0.0,0.0,0,0
747,PAYMENT,2747.46,C1721,2414.8,-332.66,M1722,0.0,0.0,0,0
748,PAYMENT,142.99,C1722,7308.45,7165.46,M1723,0.0,0.0,0,0
749,PAYMENT,3859.17,C1723,8407.99,4548.82,M1724,0.0,0.0,0,0
750,PAYMENT,4298.55,C1724,5313.6,1015.05,M1725,0.0,0.0,0,0
751,PAYMENT,1926.52,C1725,6037.7,4111.18,M1726,0.0,0.0,0,0
752,PAYMENT,1923.95,C1726,4653.66,2729.71,M1727,0.0,0.0,0,0
753,PAYMENT,2400.14,C1727,3115.6,715.46,M1728,0.0,0.0,0,0
754,PAYMENT,4002.84,C1728,7401.26,3398.42,M1729,0.0,0.0,0,0
755,PAYMENT,2999.87,C1729,1120.14,-1879.73,M1730,0.0,0.0,0,0
756,PAYMENT,3256.66,C1730,1979.47,-1277.19,M1731,0.0,0.0,0,0
757,PAYMENT,4073.99,C1731,7902.79,3828.8,M1732,0.0,0.0,0,0
758,PAYMENT,2049.82,C1732,7759.84,5710.02,M1733,0.0,0.0,0,0
759,PAYMENT,3309.63,C1733,2176.01,-1133.62,M1734,0.0,0.0,0,0
760,PAYMENT,2164.91,C1734,1674.62,-490.29,M1735,0.0,0.0,0,0
761,PAYMENT,394.44,C1735,9600.69,9206.25,M1736,0.0,0.0,0,0
762,PAYMENT,4775.2,C1736,1761.55,-3013.65,M1737,0.0,0.0,0,0
763,PAYMENT,437.49,C1737,5128.8,4691.31,M1738,0.0,0.0,0,0
764,PAYMENT,1933.66,C1738,9339.85,7406.19,M1739,0.0,0.0,0,0
765,PAYMENT,3766.85,C1739,4456.5,689.65,M1740,0.0,0.0,0,0
766,PAYMENT,1512.57,C1740,7152.28,5639.71,M1741,0.0,0.0,0,0
767,PAYMENT,2292.08,C1741,1293.4,-998.68,M1742,0.0,0.0,0,0
768,PAYMENT,3300.69,C1742,5896.49,2595.8,M1743,0.0,0.0,0,0
769,PAYMENT,1245.87,C1743,4303.65,3057.78,M1744,0.0,0.0,0,0
770,PAYMENT,2294.56,C1744,5464.13,3169.57,M1745,0.0,0.0,0,0
771,PAYMENT,2981.74,C1745,3889.95,908.21,M1746,0.0,0.0,0,0
772,PAYMENT,3786.77,C1746,6558.64,2771.87,M1747,0.0,0.0,0,0
773,PAYMENT,2851.26,C1747,6588.9,3737.64,M1748,0.0,0.0,0,0
774,PAYMENT,4114.84,C1748,6018.29,1903.45,M1749,0.0,0.0,0,0
775,PAYMENT,399.68,C1749,2691.64,2291.96,M1750,0.0,0.0,0,0
776,PAYMENT,3513.85,C1750,9676.45,6162.6,M1751,0.0,0.0,0,0
777,PAYMENT,2731.0,C1751,6614.72,3883.72,M1752,0.0,0.0,0,0
778,PAYMENT,4302.22,C1752,3943.25,-358.97,M1753,0.0,0.0,0,0
779,PAYMENT,631.43,C1753,1848.47,1217.04,M1754,0.0,0.0,0,0
780,PAYMENT,3707.78,C1754,5347.62,1639.84,M1755,0.0,0.0,0,0
781,PAYMENT,2808.41,C1755,3809.57,1001.16,M1756,0.0,0.0,0,0
782,PAYMENT,1223.4,C1756,7432.78,6209.38,M1757,0.0,0.0,0,0
783,PAYMENT,2371.73,C1757,9448.71,7076.98,M1758,0.0,0.0,0,0
784,PAYMENT,1086.61,C1758,9821.94,8735.33,M1759,0.0,0.0,0,0
785,PAYMENT,4978.99,C1759,8191.29,3212.3,M1760,0.0,0.0,0,0
786,PAYMENT,1910.35,C1760,9775.17,7864.82,M1761,0.0,0.0,0,0
787,PAYMENT,3087.43,C1761,8433.03,5345.6,M1762,0.0,0.0,0,0
788,PAYMENT,4472.67,C1762,6034.29,1561.62,M1763,0.0,0.0,0,0
789,PAYMENT,2838.2,C1763,9004.6,6166.4,M1764,0.0,0.0,0,0
790,PAYMENT,2447.82,C1764,1904.44,-543.38,M1765,0.0,0.0,0,0
791,PAYMENT,2230.06,C1765,1016.83,-1213.23,M1766,0.0,0.0,0,0
792,PAYMENT,464.1,C1766,7582.57,7118.47,M1767,0.0,0.0,0,0
793,PAYMENT,1116.5,C1767,7218.93,6102.43,M1768,0.0,0.0,0,0
794,PAYMENT,1909.27,C1768,3953.13,2043.86,M1769,0.0,0.0,0,0
795,PAYMENT,3560.91,C1769,3529.14,-31.77,M1770,0.0,0.0,0,0
796,PAYMENT,3859.59,C1770,6051.77,2192.18,M1771,0.0,0.0,0,0
797,PAYMENT,4756.29,C1771,4036.02,-720.27,M1772,0.0,0.0,0,0
798,PAYMENT,4566.99,C1772,8346.82,3779.83,M1773,0.0,0.0,0,0
799,PAYMENT,4375.28,C1773,3648.13,-727.15,M1774,0.0,0.0,0,0
800,PAYMENT,3244.68,C1774,4109.51,864.83,M1775,0.0,0.0,0,0
801,PAYMENT,3779.07,C1775,6866.47,3087.4,M1776,0.0,0.0,0,0
802,PAYMENT,971.83,C1776,4503.38,3531.55,M1777,0.0,0.0,0,0
803,PAYMENT,2562.51,C1777,1797.23,-765.28,M1778,0.0,0.0,0,0
804,PAYMENT,1576.45,C1778,1817.67,241.22,M1779,0.0,0.0,0,0
805,PAYMENT,610.09,C1779,4434.76,3824.67,M1780,0.0,0.0,0,0
806,PAYMENT,2439.76,C1780,8452.79,6013.03,M1781,0.0,0.0,0,0
807,PAYMENT,2126.96,C1781,6146.05,4019.09,M1782,0.0,0.0,0,0
808,PAYMENT,4893.55,C1782,5891.84,998.29,M1783,0.0,0.0,0,0
809,PAYMENT,2849.88,C1783,6988.43,4138.55,M1784,0.0,0.0,0,0
810,PAYMENT,2680.34,C1784,5693.88,3013.54,M1785,0.0,0.0,0,0
811,PAYMENT,2690.11,C1785,6926.62,4236.51,M1786,0.0,0.0,0,0
812,PAYMENT,913.48,C1786,4673.28,3759.8,M1787,0.0,0.0,0,0
813,PAYMENT,3719.21,C1787,4068.63,349.42,M1788,0.0,0.0,0,0
814,PAYMENT,2432.62,C1788,4261.37,1828.75,M1789,0.0,0.0,0,0
815,PAYMENT,1493.91,C1789,1940.68,446.77,M1790,0.0,0.0,0,0
816,PAYMENT,2361.73,C1790,7030.49,4668.76,M1791,0.0,0.0,0,0
817,PAYMENT,1283.89,C1791,9233.09,7949.2,M1792,0.0,0.0,0,0
818,PAYMENT,4910.22,C1792,6281.61,1371.39,M1793,0.0,0.0,0,0
819,PAYMENT,1520.71,C1793,2505.29,984.58,M1794,0.0,0.0,0,0
820,PAYMENT,2793.93,C1794,4642.12,1848.19,M1795,0.0,0.0,0,0
821,PAYMENT,1198.38,C1795,1336.74,138.36,M1796,0.0,0.0,0,0
822,PAYMENT,4750.29,C1796,7156.26,2405.97,M1797,0.0,0.0,0,0
823,PAYMENT,4695.9,C1797,4621.85,-74.05,M1798,0.0,0.0,0,0
824,PAYMENT,3516.99,C1798,6885.25,3368.26,M1799,0.0,0.0,0,0
825,PAYMENT,887.96,C1799,6649.16,5761.2,M1800,0.0,0.0,0,0
826,PAYMENT,101.55,C1800,6831.58,6730.03,M1801,0.0,0.0,0,0
827,PAYMENT,811.83,C1801,7645.9,6834.07,M1802,0.0,0.0,0,0
828,PAYMENT,2404.67,C1802,1999.92,-404.75,M1803,0.0,0.0,0,0
829,PAYMENT,4712.9,C1803,2611.24,-2101.66,M1804,0.0,0.0,0,0
830,PAYMENT,4766.43,C1804,1758.59,-3007.84,M1805,0.0,0.0,0,0
831,PAYMENT,2592.5,C1805,6713.0,4120.5,M1806,0.0,0.0,0,0
832,PAYMENT,141.49,C1806,5305.08,5163.59,M1807,0.0,0.0,0,0
833,PAYMENT,4262.63,C1807,6612.94,2350.31,M1808,0.0,0.0,0,0
834,PAYMENT,3933.14,C1808,3661.0,-272.14,M1809,0.0,0.0,0,0
835,PAYMENT,470.72,C1809,5808.63,5337.91,M1810,0.0,0.0,0,0
836,PAYMENT,2023.52,C1810,3636.88,1613.36,M1811,0.0,0.0,0,0
837,PAYMENT,4954.97,C1811,4807.92,-147.05,M1812,0.0,0.0,0,0
838,PAYMENT,2015.01,C1812,3443.59,1428.58,M1813,0.0,0.0,0,0
839,PAYMENT,3869.38,C1813,7924.42,4055.04,M1814,0.0,0.0,0,0
840,PAYMENT,3929.83,C1814,4100.12,170.29,M1815,0.0,0.0,0,0
841,PAYMENT,1806.96,C1815,3137.48,1330.52,M1816,0.0,0.0,0,0
842,PAYMENT,3256.04,C1816,9286.95,6030.91,M1817,0.0,0.0,0,0
843,PAYMENT,4174.18,C1817,1653.07,-2521.11,M1818,0.0,0.0,0,0
844,PAYMENT,4552.97,C1818,3713.56,-839.41,M1819,0.0,0.0,0,0
845,PAYMENT,1412.73,C1819,3040.42,1627.69,M1820,0.0,0.0,0,0
846,PAYMENT,4180.28,C1820,8150.84,3970.56,M1821,0.0,0.0,0,0
847,PAYMENT,1451.14,C1821,5325.0,3873.86,M1822,0.0,0.0,0,0
848,PAYMENT,2487.39,C1822,2534.23,46.84,M1823,0.0,0.0,0,0
849,PAYMENT,4343.65,C1823,3121.98,-1221.67,M1824,0.0,0.0,0,0
850,PAYMENT,2929.73,C1824,3475.44,545.71,M1825,0.0,0.0,0,0
851,PAYMENT,611.84,C1825,5134.71,4522.87,M1826,0.0,0.0,0,0
852,PAYMENT,3828.83,C1826,4879.13,1050.3,M1827,0.0,0.0,0,0
853,PAYMENT,862.95,C1827,2101.1,1238.15,M1828,0.0,0.0,0,0
854,PAYMENT,2607.69,C1828,7724.63,5116.94,M1829,0.0,0.0,0,0
855,PAYMENT,957.94,C1829,6512.86,5554.92,M1830,0.0,0.0,0,0
856,PAYMENT,4330.82,C1830,8535.24,4204.42,M1831,0.0,0.0,0,0
857,PAYMENT,4968.18,C1831,3158.94,-1809.24,M1832,0.0,0.0,0,0
858,PAYMENT,2074.93,C1832,9120.66,7045.73,M1833,0.0,0.0,0,0
859,PAYMENT,3313.33,C1833,6988.2,3674.87,M1834,0.0,0.0,0,0
860,PAYMENT,3849.51,C1834,4259.7,410.19,M1835,0.0,0.0,0,0
861,PAYMENT,2013.18,C1835,4420.22,2407.04,M1836,0.0,0.0,0,0
862,PAYMENT,4251.58,C1836,8984.81,4733.23,M1837,0.0,0.0,0,0
863,PAYMENT,1520.75,C1837,7771.15,6250.4,M1838,0.0,0.0,0,0
864,PAYMENT,3383.38,C1838,3390.45,7.07,M1839,0.0,0.0,0,0
865,PAYMENT,4711.0,C1839,3043.14,-1667.86,M1840,0.0,0.0,0,0
866,PAYMENT,3590.77,C1840,9699.99,6109.22,M1841,0.0,0.0,0,0
867,PAYMENT,374.75,C1841,8965.97,8591.22,M1842,0.0,0.0,0,0
868,PAYMENT,4207.91,C1842,6099.26,1891.35,M1843,0.0,0.0,0,0
869,PAYMENT,204.93,C1843,1722.79,1517.86,M1844,0.0,0.0,0,0
870,PAYMENT,1278.0,C1844,4621.84,3343.84,M1845,0.0,0.0,0,0
871,PAYMENT,1580.89,C1845,7678.23,6097.34,M1846,0.0,0.0,0,0
872,PAYMENT,2007.96,C1846,7051.44,5043.48,M1847,0.0,0.0,0,0
873,PAYMENT,2171.2,C1847,1083.32,-1087.88,M1848,0.0,0.0,0,0
874,PAYMENT,2892.23,C1848,5252.49,2360.26,M1849,0.0,0.0,0,0
875,PAYMENT,1896.47,C1849,3514.44,1617.97,M1850,0.0,0.0,0,0
876,PAYMENT,1638.75,C1850,6618.2,4979.45,M1851,0.0,0.0,0,0
877,PAYMENT,1621.98,C1851,5381.3,3759.32,M1852,0.0,0.0,0,0
878,PAYMENT,3581.06,C1852,9331.63,5750.57,M1853,0.0,0.0,0,0
879,PAYMENT,3975.9,C1853,2246.64,-1729.26,M1854,0.0,0.0,0,0
880,PAYMENT,3290.62,C1854,2318.04,-972.58,M1855,0.0,0.0,0,0
881,PAYMENT,2301.93,C1855,2286.08,-15.85,M1856,0.0,0.0,0,0
882,PAYMENT,3467.55,C1856,3902.76,435.21,M1857,0.0,0.0,0,0
883,PAYMENT,925.65,C1857,4934.94,4009.29,M1858,0.0,0.0,0,0
884,PAYMENT,2118.05,C1858,2763.15,645.1,M1859,0.0,0.0,0,0
885,PAYMENT,2473.35,C1859,6526.93,4053.58,M1860,0.0,0.0,0,0
886,PAYMENT,1535.5,C1860,1767.97,232.47,M1861,0.0,0.0,0,0
887,PAYMENT,634.49,C1861,7860.66,7226.17,M1862,0.0,0.0,0,0
888,PAYMENT,4884.29,C1862,1445.11,-3439.18,M1863,0.0,0.0,0,0
889,PAYMENT,3202.55,C1863,5893.6,2691.05,M1864,0.0,0.0,0,0
890,PAYMENT,3000.75,C1864,6669.67,3668.92,M1865,0.0,0.0,0,0
891,PAYMENT,2799.94,C1865,9132.54,6332.6,M1866,0.0,0.0,0,0
892,PAYMENT,697.54,C1866,9913.93,9216.39,M1867,0.0,0.0,0,0
893,PAYMENT,2675.11,C1867,2789.96,114.85,M1868,0.0,0.0,0,0
894,PAYMENT,317.52,C1868,9761.21,9443.69,M1869,0.0,0.0,0,0
895,PAYMENT,400.06,C1869,5297.15,4897.09,M1870,0.0,0.0,0,0
896,PAYMENT,3600.27,C1870,3885.1,284.83,M1871,0.0,0.0,0,0
897,PAYMENT,1759.3,C1871,3275.16,1515.86,M1872,0.0,0.0,0,0
898,PAYMENT,2349.39,C1872,8557.6,6208.21,M1873,0.0,0.0,0,0
899,PAYMENT,1053.49,C1873,5222.89,4169.4,M1874,0.0,0.0,0,0
900,PAYMENT,2742.2,C1874,2791.49,49.29,M1875,0.0,0.0,0,0
901,PAYMENT,3128.53,C1875,2347.0,-781.53,M1876,0.0,0.0,0,0
902,PAYMENT,2024.1,C1876,9388.37,7364.27,M1877,0.0,0.0,0,0
903,PAYMENT,3144.34,C1877,3424.65,280.31,M1878,0.0,0.0,0,0
904,PAYMENT,2539.98,C1878,1830.94,-709.04,M1879,0.0,0.0,0,0
905,PAYMENT,1380.78,C1879,1973.34,592.56,M1880,0.0,0.0,0,0
906,PAYMENT,3541.23,C1880,8006.83,4465.6,M1881,0.0,0.0,0,0
907,PAYMENT,407.23,C1881,9350.88,8943.65,M1882,0.0,0.0,0,0
908,PAYMENT,4136.85,C1882,3336.88,-799.97,M1883,0.0,0.0,0,0
909,PAYMENT,1446.91,C1883,1170.77,-276.14,M1884,0.0,0.0,0,0
910,PAYMENT,4223.22,C1884,6962.04,2738.82,M1885,0.0,0.0,0,0
911,PAYMENT,3505.24,C1885,2617.53,-887.71,M1886,0.0,0.0,0,0
912,PAYMENT,3960.31,C1886,4595.69,635.38,M1887,0.0,0.0,0,0
913,PAYMENT,2451.37,C1887,7587.31,5135.94,M1888,0.0,0.0,0,0
914,PAYMENT,1060.16,C1888,6784.95,5724.79,M1889,0.0,0.0,0,0
915,PAYMENT,3968.14,C1889,4495.54,527.4,M1890,0.0,0.0,0,0
916,PAYMENT,1207.22,C1890,9975.37,8768.15,M1891,0.0,0.0,0,0
917,PAYMENT,3099.45,C1891,8954.57,5855.12,M1892,0.0,0.0,0,0
918,PAYMENT,2116.62,C1892,7327.45,5210.83,M1893,0.0,0.0,0,0
919,PAYMENT,2559.45,C1893,5871.47,3312.02,M1894,0.0,0.0,0,0
920,PAYMENT,3899.62,C1894,6105.24,2205.62,M1895,0.0,0.0,0,0
921,PAYMENT,165.72,C1895,3252.21,3086.49,M1896,0.0,0.0,0,0
922,PAYMENT,425.42,C1896,9083.46,8658.04,M1897,0.0,0.0,0,0
923,PAYMENT,4968.68,C1897,9652.45,4683.77,M1898,0.0,0.0,0,0
924,PAYMENT,1660.59,C1898,6863.67,5203.08,M1899,0.0,0.0,0,0
925,PAYMENT,1163.69,C1899,5318.7,4155.01,M1900,0.0,0.0,0,0
926,PAYMENT,2462.93,C1900,9613.28,7150.35,M1901,0.0,0.0,0,0
927,PAYMENT,3095.18,C1901,9488.75,6393.57,M1902,0.0,0.0,0,0
928,PAYMENT,1282.28,C1902,4168.2,2885.92,M1903,0.0,0.0,0,0
929,PAYMENT,355.98,C1903,9932.96,9576.98,M1904,0.0,0.0,0,0
930,PAYMENT,803.42,C1904,9710.75,8907.33,M1905,0.0,0.0,0,0
931,PAYMENT,3175.27,C1905,8759.53,5584.26,M1906,0.0,0.0,0,0
932,PAYMENT,2702.66,C1906,7661.81,4959.15,M1907,0.0,0.0,0,0
933,PAYMENT,2548.98,C1907,8581.18,6032.2,M1908,0.0,0.0,0,0
934,PAYMENT,2175.32,C1908,8762.96,6587.64,M1909,0.0,0.0,0,0
935,PAYMENT,3925.28,C1909,9246.97,5321.69,M1910,0.0,0.0,0,0
936,PAYMENT,855.29,C1910,1723.1,867.81,M1911,0.0,0.0,0,0
937,PAYMENT,1533.02,C1911,5598.83,4065.81,M1912,0.0,0.0,0,0
938,PAYMENT,3420.37,C1912,9109.42,5689.05,M1913,0.0,0.0,0,0
939,PAYMENT,1040.0,C1913,6997.63,5957.63,M1914,0.0,0.0,0,0
940,PAYMENT,1778.08,C1914,1191.27,-586.81,M1915,0.0,0.0,0,0
941,PAYMENT,3367.94,C1915,5288.66,1920.72,M1916,0.0,0.0,0,0
942,PAYMENT,567.45,C1916,4586.55,4019.1,M1917,0.0,0.0,0,0
943,PAYMENT,1752.66,C1917,7619.25,5866.59,M1918,0.0,0.0,0,0
944,PAYMENT,4401.26,C1918,3402.01,-999.25,M1919,0.0,0.0,0,0
945,PAYMENT,1563.71,C1919,4186.65,2622.94,M1920,0.0,0.0,0,0
946,PAYMENT,3738.72,C1920,1065.85,-2672.87,M1921,0.0,0.0,0,0
947,PAYMENT,2590.01,C1921,6023.95,3433.94,M1922,0.0,0.0,0,0
948,PAYMENT,770.67,C1922,6154.88,5384.21,M1923,0.0,0.0,0,0
949,PAYMENT,4015.09,C1923,2606.27,-1408.82,M1924,0.0,0.0,0,0
950,PAYMENT,432.38,C1924,1009.4,577.02,M1925,0.0,0.0,0,0
951,PAYMENT,509.03,C1925,7479.3,6970.27,M1926,0.0,0.0,0,0
952,PAYMENT,1981.43,C1926,3073.9,1092.47,M1927,0.0,0.0,0,0
953,PAYMENT,1913.51,C1927,1783.34,-130.17,M1928,0.0,0.0,0,0
954,PAYMENT,4409.92,C1928,5173.8,763.88,M1929,0.0,0.0,0,0
955,PAYMENT,4310.7,C1929,2411.76,-1898.94,M1930,0.0,0.0,0,0
956,PAYMENT,2625.28,C1930,2469.85,-155.43,M1931,0.0,0.0,0,0
957,PAYMENT,3646.0,C1931,9089.12,5443.12,M1932,0.0,0.0,0,0
958,PAYMENT,794.08,C1932,1406.07,611.99,M1933,0.0,0.0,0,0
959,PAYMENT,3099.77,C1933,8285.63,5185.86,M1934,0.0,0.0,0,0
960,PAYMENT,1598.39,C1934,1436.36,-162.03,M1935,0.0,0.0,0,0
961,PAYMENT,1316.83,C1935,9857.03,8540.2,M1936,0.0,0.0,0,0
962,PAYMENT,1073.68,C1936,7610.08,6536.4,M1937,0.0,0.0,0,0
963,PAYMENT,889.84,C1937,8598.55,7708.71,M1938,0.0,0.0,0,0
964,PAYMENT,3343.61,C1938,7800.6,4456.99,M1939,0.0,0.0,0,0
965,PAYMENT,2057.03,C1939,6792.06,4735.03,M1940,0.0,0.0,0,0
966,PAYMENT,3706.52,C1940,1572.88,-2133.64,M1941,0.0,0.0,0,0
967,PAYMENT,2327.28,C1941,2557.79,230.51,M1942,0.0,0.0,0,0
968,PAYMENT,3228.08,C1942,8605.94,5377.86,M1943,0.0,0.0,0,0
969,PAYMENT,1566.02,C1943,1738.45,172.43,M1944,0.0,0.0,0,0
970,PAYMENT,1402.05,C1944,6265.02,4862.97,M1945,0.0,0.0,0,0
971,PAYMENT,4661.99,C1945,2365.36,-2296.63,M1946,0.0,0.0,0,0
972,PAYMENT,3290.01,C1946,4308.95,1018.94,M1947,0.0,0.0,0,0
973,PAYMENT,4308.86,C1947,7388.06,3079.2,M1948,0.0,0.0,0,0
974,PAYMENT,1672.53,C1948,1311.94,-360.59,M1949,0.0,0.0,0,0
975,PAYMENT,4876.74,C1949,3640.12,-1236.62,M1950,0.0,0.0,0,0
976,PAYMENT,3981.78,C1950,5030.33,1048.55,M1951,0.0,0.0,0,0
977,PAYMENT,2802.94,C1951,3621.29,818.35,M1952,0.0,0.0,0,0
978,PAYMENT,2823.86,C1952,6642.59,3818.73,M1953,0.0,0.0,0,0
979,PAYMENT,1415.86,C1953,8831.75,7415.89,M1954,0.0,0.0,0,0
980,PAYMENT,4437.88,C1954,1873.14,-2564.74,M1955,0.0,0.0,0,0
981,PAYMENT,3424.59,C1955,5288.11,1863.52,M1956,0.0,0.0,0,0
982,PAYMENT,2288.43,C1956,5105.03,2816.6,M1957,0.0,0.0,0,0
983,PAYMENT,2679.69,C1957,8969.0,6289.31,M1958,0.0,0.0,0,0
984,PAYMENT,1171.39,C1958,5417.29,4245.9,M1959,0.0,0.0,0,0
985,PAYMENT,2766.34,C1959,4591.3,1824.96,M1960,0.0,0.0,0,0
986,PAYMENT,1815.84,C1960,1718.14,-97.7,M1961,0.0,0.0,0,0
987,PAYMENT,2057.35,C1961,1573.92,-483.43,M1962,0.0,0.0,0,0
988,PAYMENT,4285.06,C1962,2400.92,-1884.14,M1963,0.0,0.0,0,0
989,PAYMENT,797.59,C1963,1210.07,412.48,M1964,0.0,0.0,0,0
990,PAYMENT,1411.89,C1964,1806.9,395.01,M1965,0.0,0.0,0,0
991,PAYMENT,4326.85,C1965,5992.52,1665.67,M1966,0.0,0.0,0,0
992,PAYMENT,273.48,C1966,1188.67,915.19,M1967,0.0,0.0,0,0
993,PAYMENT,359.56,C1967,9618.51,9258.95,M1968,0.0,0.0,0,0
994,PAYMENT,3298.7,C1968,9095.68,5796.98,M1969,0.0,0.0,0,0
995,PAYMENT,2202.43,C1969,8187.55,5985.12,M1970,0.0,0.0,0,0
996,PAYMENT,248.29,C1970,8869.34,8621.05,M1971,0.0,0.0,0,0
997,PAYMENT,1524.4,C1971,9283.09,7758.69,M1972,0.0,0.0,0,0
998,PAYMENT,2218.25,C1972,4837.14,2618.89,M1973,0.0,0.0,0,0
999,PAYMENT,4761.0,C1973,9736.84,4975.84,M1974,0.0,0.0,0,0
1000,PAYMENT,4314.26,C1974,1228.65,-3085.61,M1975,0.0,0.0,0,0
